2011;titel;artiest;jaar
1;Bohemian Rhapsody;Queen;1975
2;Hotel California;Eagles;1977
3;Child In Time;Deep Purple;1972
4;Avond;Boudewijn De Groot;1997
5;Stairway To Heaven;Led Zeppelin;1971
6;Someone Like You;Adele;2011
7;Wish You Were Here;Pink Floyd;1975
8;Clocks;Coldplay;2003
9;Viva La Vida;Coldplay;2009
10;The River;Bruce Springsteen;1981
11;Paradise By The Dashboard Light;Meat Loaf;1978
12;Comfortably Numb;Pink Floyd;1979
13;One;U2;1992
14;Nothing Else Matters;Metallica;1992
15;Brothers In Arms;Dire Straits;1985
16;Shine On You Crazy Diamond;Pink Floyd;1975
17;November Rain;Guns N' Roses;1992
18;Radar Love;Golden Earring;1973
19;Make You Feel My Love;Adele;2008
20;Old And Wise;Alan Parsons Project;1982
21;Rolling In The Deep;Adele;2010
22;Brabant;Guus Meeuwis;2004
23;Riders On The Storm;Doors;1971
24;Hey Jude;Beatles;1968
25;House Of The Rising Sun;Animals;1964
26;Set Fire To The Rain;Adele;2011
27;Pastorale;Ramses Shaffy & Liesbeth List;1969
28;Imagine;John Lennon;1971
29;Piano Man;Billy Joel;1974
30;Sultans Of Swing;Dire Straits;1978
31;God Only Knows;Beach Boys;1966
32;One;Metallica;1994
33;Bridge Over Troubled Water;Simon & Garfunkel;1970
34;Whole Lotta Rosie;AC/DC;1978
35;The Rose;Bette Midler;1980
36;Smells Like Teen Spirit;Nirvana;1991
37;School;Supertramp;1974
38;Window Of My Eyes;Cuby & the Blizzards;1968
39;The Scientist;Coldplay;2002
40;Black;Pearl Jam;1991
41;Angie;Rolling Stones;1973
42;Dochters;Marco Borsato;2008
43;Hurt;Johnny Cash;2003
44;Tears In Heaven;Eric Clapton;1992
45;Nights In White Satin;Moody Blues;1968
46;Sympathy For The Devil;Rolling Stones;1973
47;Private Investigations;Dire Straits;1982
48;A Night Like This;Caro Emerald;2009
49;Chasing Cars;Snow Patrol;2006
50;Yesterday;Beatles;1965
51;Papa;Stef Bos;1991
52;Stil In Mij;Van Dik Hout;1994
53;Another Brick In The Wall;Pink Floyd;1979
54;Under The Bridge;Red Hot Chili Peppers;1992
55;Angels;Robbie Williams;1998
56;Let It Be;Beatles;1970
57;Het Dorp;Wim Sonneveld;1974
58;The Sound Of Silence;Simon & Garfunkel;1966
59;Everybody Hurts;R.E.M.;1993
60;Het Regent Zonnestralen;Acda & De Munnik;1998
61;Thunderstruck;AC/DC;1990
62;Goodnight Saigon;Billy Joel;1983
63;Innuendo;Queen;1991
64;The Last Resort;Eagles;1976
65;A Whiter Shade Of Pale;Procol Harum;1967
66;Sunday Bloody Sunday;U2;1985
67;Sweet Child O' Mine;Guns N' Roses;1988
68;Losing My Religion;R.E.M.;1991
69;Fix You;Coldplay;2005
70;Hurricane;Bob Dylan;1975
71;Go Your Own Way;Fleetwood Mac;1977
72;Valerie;Mark Ronson ft. Amy Winehouse;2007
73;Hallelujah;Jeff Buckley;1994
74;Paradise;Coldplay;2011
75;Love Of My Life;Queen;1975
76;A Forest;Cure;1980
77;I Put A Spell On You;Creedence Clearwater Revival;1972
78;A Day In The Life;Beatles;1967
79;No Woman No Cry (Live);Bob Marley & The Wailers;1975
80;Purple Rain;Prince & The Revolution;1984
81;Oude Maasweg;Amazing Stroopwafels;1982
82;Paint It Black;Rolling Stones;1966
83;Over De Muur;Klein Orkest;1984
84;The Dock Of The Bay;Otis Redding;1968
85;Zing Vecht Huil Bid Lach Werk En Bewonder;Ramses Shaffy;1971
86;With Or Without You;U2;1987
87;Africa;Toto;1982
88;Dancing Queen;ABBA;1976
89;Smoke On The Water;Deep Purple;1973
90;Blackbird;Beatles;1968
91;Dreadlock Holiday;?10cc;1978
92;Mr. Blue Sky;Electric Light Orchestra;1978
93;Laat Me;Ramses Shaffy;1978
94;Who Wants To Live Forever;Queen;1986
95;Alive;Pearl Jam;1992
96;Billie Jean;Michael Jackson;1983
97;Telegraph Road;Dire Straits;1982
98;Voor Haar;Frans Halsema;1977
99;Californication;Red Hot Chili Peppers;2000
100;Desperado;Eagles;1973
101;Fool's Overture;Supertramp;1977
102;I Still Haven't Found What I'm Looking For;U2;1987
103;Paranoid;Black Sabbath;1970
104;Somebody To Love;Queen;1976
105;Here Comes The Sun;Beatles;1969
106;Bloed Zweet En Tranen;André Hazes;2002
107;Summer Of '69;Bryan Adams;1984
108;The Load Out / Stay;Jackson Browne;1977
109;Halo Of Flies;Alice Cooper;1973
110;De Vondeling Van Ameland;Boudewijn De Groot;2004
111;Fragile;Sting;1988
112;Don't Stop Me Now;Queen;1979
113;The End;Doors;1967
114;Just Breathe;Pearl Jam;2009
115;In The Air Tonight;Phil Collins;1981
116;Good Vibrations;Beach Boys;1966
117;Bitter Sweet Symphony;The Verve;1997
118;Ne Me Quitte Pas;Jacques Brel;1965
119;Perfect Day;Lou Reed;1972
120;Suspicious Minds;Elvis Presley;1969
121;Beautiful Day;U2;2000
122;Sex On Fire;Kings Of Leon;2008
123;Music;John Miles;1976
124;Nobody's Wife;Anouk;1997
125;Belfast Child;Simple Minds;1989
126;I Want To Break Free;Queen;1984
127;Worn Down Piano;Mark & Clark Band;1977
128;Highway To Hell;AC/DC;1979
129;Creep;Radiohead;1993
130;Testament;Boudewijn De Groot;1967
131;All Along The Watchtower;Jimi Hendrix Experience;1968
132;Wuthering Heights;Kate Bush;1978
133;Bed Of Roses;Bon Jovi;1993
134;Saturday Night;Herman Brood & His Wild Romance;1978
135;Whole Lotta Love ;Led Zeppelin;1969
136;Wonderwall;Oasis;1995
137;Enter Sandman;Metallica;1991
138;When The Lady Smiles;Golden Earring;1984
139;The Day Before You Came;ABBA;1982
140;Streets Of Philadelphia;Bruce Springsteen;1994
141;The Boxer;Simon & Garfunkel;1969
142;Street Spirit (Fade Out);Radiohead;1995
143;Have I Told You Lately;Van Morrison;1989
144;Thriller;Michael Jackson;1983
145;Heroes;David Bowie;1977
146;Where The Streets Have No Name;U2;1987
147;The Cave;Mumford & Sons;2010
148;Ruthless Queen;Kayak;1979
149;Like A Hurricane;Neil Young;1977
150;Als Ze Er Niet Is;De Dijk;1994
151;Liefs Uit Londen;Bløf;1998
152;Earth Song;Michael Jackson;1995
153;Verdronken Vlinder;Boudewijn De Groot;1966
154;I'm Not In Love;10cc;1975
155;Wat Is Dromen;Ellen Ten Damme & 3JS;2010
156;Father & Friend;Alain Clark;2008
157;The Unforgettable Fire;U2;1985
158;She;Charles Aznavour;1974
159;Geef Mij Je Angst;Guus Meeuwis;2004
160;Sorry;Kyteman;2009
161;Hey Joe;Jimi Hendrix Experience;1967
162;Barcelona;Freddie Mercury & Montserrat Caballé;1987
163;Hallelujah;Leonard Cohen;1984
164;Still Got The Blues ;Gary Moore;1990
165;Morning Has Broken;Cat Stevens;1972
166;Paranoid Android;Radiohead;1997
167;California Dreamin';The Mamas & The Papas;1966
168;While My Guitar Gently Weeps;Beatles;1968
169;Jeanny;Falco;1985
170;Sebastian;Cockney Rebel;1973
171;No Mercy;Racoon;2011
172;Lost;Anouk;2005
173;Empire State Of Mind (Part 2);Alicia Keys;2009
174;Like A Rollin' Stone;Bob Dylan;1965
175;Margherita;Marco Borsato;1996
176;The Winner Takes It All;ABBA;1980
177;Bloasmuziek;Gé Reinders;1999
178;Baba O'Riley;Who;1971
179;Born To Run;Bruce Springsteen;1975
180;Du;Peter Maffay;1971
181;Enjoy The Silence;Depeche Mode;1990
182;Proud Mary;Ike & Tina Turner;1971
183;The Show Must Go On;Queen;1991
184;Rehab;Amy Winehouse;2007
185;Gimme Shelter;Rolling Stones;1969
186;Layla (Unplugged);Eric Clapton;1992
187;Rood;Marco Borsato;2006
188;I Gotta Feeling;Black Eyed Peas;2009
189;Dream On;Aerosmith;1973
190;Yellow;Coldplay;2000
191;Love You More;Racoon;2005
192;The Man With The Child In His Eyes;Kate Bush;1978
193;Have You Ever Seen The Rain;Creedence Clearwater Revival;1971
194;Eagle;ABBA;1978
195;Forever Young;Alphaville;1984
196;Heart Of Gold;Neil Young;1972
197;Man In The Mirror;Michael Jackson;1988
198;Run;Snow Patrol;2004
199;Ring Of Fire;Johnny Cash;1963
200;Graceland;Paul Simon;1987
201;With A Little Help From My Friends;Joe Cocker;1968
202;Space Oddity;David Bowie;1969
203;Light My Fire;Doors;1967
204;Karma Police;Radiohead;1997
205;Laat Me / Vivre;Alderliefste & Ramses Shaffy & Liesbeth List;2005
206;Feel;Robbie Williams;2002
207;Paradise City;Guns N' Roses;1989
208;Zij Gelooft In Mij;André Hazes;2000
209;Chasing Pavements;Adele;2008
210;Roxanne;Police;1979
211;Mama;Genesis;1983
212;Knockin' On Heaven's Door;Guns N' Roses;1992
213;Bad;U2;1984
214;Nine Million Bicycles;Katie Melua;2005
215;Me And Bobby McGee;Janis Joplin;1971
216;(I Can't Get No) Satisfaction;Rolling Stones;1965
217;Kayleigh;Marillion;1985
218;Pak Maar M'n Hand;Nick & Simon;2007
219;Welterusten, Mijnheer De President;Boudewijn De Groot;1966
220;Rumour Has It;Adele;2011
221;Samba Pa Ti;Santana;1970
222;Dancing In The Dark;Bruce Springsteen;1984
223;Zombie;Cranberries;1994
224;Brown Eyed Girl;Van Morrison;1967
225;Money For Nothing;Dire Straits;1985
226;Holiday In Spain;Bløf & Counting Crows;2004
227;Fields Of Gold;Sting;1993
228;One Day Like This;Elbow;2008
229;Use Somebody;Kings Of Leon;2008
230;Kronenburg Park;Frank Boeijen;1985
231;More Than A Feeling;Boston;1977
232;Zelfs Je Naam Is Mooi;Henk Westbroek;1998
233;The Wind Cries Mary;Jimi Hendrix Experience;1967
234;De Vlieger;André Hazes;1977
235;Knights Of Cydonia;Muse;2006
236;Mag Het Licht Uit;De Dijk;1987
237;Another 45 Miles;Golden Earring;1969
238;You Can't Always Get What You Want;Rolling Stones;1969
239;Aan De Kust;Bløf;1998
240;Lightning Crashes;Live;1995
241;Year Of The Cat;Al Stewart;1977
242;Halt Mich;Herbert Grönemeyer;1988
243;This Is The Life;Amy MacDonald;2008
244;A Horse With No Name;America;1972
245;In The Ghetto;Elvis Presley;1969
246;What's Going On;Marvin Gaye;1971
247;Bloedend Hart;De Dijk;1982
248;Killer Queen;Queen;1974
249;Born In The Usa;Bruce Springsteen;1985
250;Wind Of Change;Scorpions;1991
251;Time To Say Goodbye;Andrea Bocelli & Sarah Brightman;1997
252;Beat It;Michael Jackson;1983
253;Pride (In The Name Of Love);U2;1984
254;Niet Of Nooit Geweest;Acda & De Munnik;1998
255;Uprising;Muse;2009
256;You Know I'm No Good;Amy Winehouse;2007
257;Miracle;Ilse DeLange;2008
258;Every Teardrop Is A Waterfall;Coldplay;2011
259;Twilight Zone;Golden Earring;1982
260;Englishman In New York;Sting;1988
261;Snow (Hey Oh);Red Hot Chili Peppers;2006
262;Blowin' In The Wind;Bob Dylan;1963
263;Non, Je Ne Regrette Rien;Edith Piaf;1961
264;Money;Pink Floyd;1973
265;L.A. Woman;Doors;1971
266;Ik Kan Het Niet Alleen;De Dijk;1989
267;November;Rowwen Hèze;2000
268;Sara;Fleetwood Mac;1980
269;For Bitter Or Worse;Anouk;2009
270;'k Heb Je Lief;Paul de Leeuw;1997
271;Strawberry Fields Forever;Beatles;1967
272;White Rabbit;Jefferson Airplane;1970
273;Troy;Sinead O'Connor;1987
274;Wonderful Tonight;Eric Clapton;1988
275;Solsbury Hill;Peter Gabriel;1977
276;Lola;Kinks;1970
277;Hocus Pocus;Focus;1971
278;I Don't Want To Miss A Thing;Aerosmith;1998
279;Don't Give Up;Peter Gabriel & Kate Bush;1986
280;Lopen Tot De Zon Komt;Acda & De Munnik;1997
281;Bright Eyes;Art Garfunkel;1979
282;These Are The Days Of Our Lives;Queen;1991
283;I Still Cry;Ilse DeLange;2000
284;Haus Am See;Peter Fox;2009
285;Bat Out Of Hell;Meat Loaf;1977
286;Norwegian Wood;Beatles;1965
287;Bad Moon Rising;Creedence Clearwater Revival;1969
288;Appleknockers Flophouse;Cuby & the Blizzards;1969
289;Father And Son;Cat Stevens;1971
290;Three Days In A Row;Anouk;2009
291;The Fool On The Hill;Beatles;1967
292;Dansen Aan Zee;Bløf;2000
293;She;Elvis Costello;1999
294;Love Will Tear Us Apart;Joy Division;1980
295;We Will Rock You;Queen;1977
296;Hallelujah;Lisa Lois;2009
297;I Want You;Elvis Costello;1986
298;Ain't No Sunshine;Bill Withers;1971
299;Tubular Bells;Mike Oldfield;1974
300;Nothing Compares 2u;Sinead O'Connor;1990
301;Eye In The Sky;Alan Parsons Project;1982
302;Oerend Hard;Normaal;1977
303;Eleanor Rigby;Beatles;1966
304;Michel;Anouk;2000
305;Papa Was A Rolling Stone;Temptations;1972
306;Somebody Will Know Someday;Cuby & the Blizzards;1967
307;So Incredible;Ilse DeLange;2008
308;Take On Me;A-Ha;1985
309;Liefde Van Later;Herman Van Veen;1969
310;Don't You (Forget About Me);Simple Minds;1985
311;Fields Of Gold;Eva Cassidy;1998
312;Radio Ga Ga;Queen;1984
313;Conquest Of Paradise;Vangelis;1995
314;Romeo And Juliet;Dire Straits;1980
315;Op Fietse;Skik;1997
316;Geen Kind Meer;Karin Bloemen;1996
317;Harder Dan Ik Hebben Kan;Bløf;1999
318;Limburg ;Rowwen Hèze;1996
319;Just Say Yes;Snow Patrol;2009
320;Grenade;Bruno Mars;2010
321;Tom Traubert's Blues (Waltzing Mathilda);Tom Waits;1976
322;Overcome;Live;2001
323;What's Up;4 Non Blondes;1993
324;Under Pressure;David Bowie & Queen;1981
325;Teach Your Children;Crosby, Stills, Nash & Young;1970
326;Suzanne;Leonard Cohen;1968
327;Fantasy;Earth, Wind & Fire;1978
328;Old Man;Neil Young;1972
329;Purple Haze;Jimi Hendrix Experience;1967
330;Dust In The Wind;Kansas;1978
331;No Surrender;Kane;2009
332;Kiss From A Rose;Seal;1994
333;Dansen Op De Vulkaan;De Dijk;1987
334;She's Not There;Santana;1978
335;Somewhere Only We Know;Keane;2004
336;Rosanne;Nick & Simon;2008
337;Mother Earth;Within Temptation;2002
338;Sweet Goodbyes;Krezip;2009
339;Shut Your Eyes;Snow Patrol;2007
340;Question;Moody Blues;1970
341;Walk Of Life;Dire Straits;1985
342;Time;Pink Floyd;1973
343;Plug In Baby;Muse;2001
344;Zeg Me Dat Het Niet Zo Is;Frank Boeijen;1990
345;Every Breath You Take;Police;1983
346;Prachtig Mooie Dag;Daniel Lohues;2011
347;Easy Livin';Uriah Heep;1973
348;She's Always A Woman;Billy Joel;1978
349;Vienna;Ultravox;1981
350;Vincent;Don McLean;1972
351;Mijn Van Straat Geredde Roos;De Dijk;2008
352;Almost Cut My Hair;Crosby, Stills, Nash & Young;1971
353;School's Out;Alice Cooper;1972
354;Der Weg;Herbert Grönemeyer;2002
355;Gimme All Your Lovin';ZZ Top;1984
356;Zij Maakt Het Verschil;Poema's;2001
357;Holding Back The Years;Simply Red;1985
358;Go Like Elijah;Chi Coltrane;1973
359;Rockin' In The Free World;Neil Young;1989
360;The Great Gig In The Sky;Pink Floyd;1973
361;Owner Of A Lonely Heart;Yes;1983
362;I Would Stay;Krezip;2000
363;Une Belle Histoire;Michel Fugain;1972
364;I Am...I Said;Neil Diamond;1971
365;Eloise;Barry Ryan;1968
366;Het Is Een Nacht (Levensecht);Guus Meeuwis & Vagant;1995
367;Another Day In Paradise;Phil Collins;1989
368;How You Gonna See Me Now;Alice Cooper;1979
369;Iris;Goo Goo Dolls;1999
370;Still Loving You;Scorpions;1987
371;Moves Like Jagger;Maroon 5 & Christina Aguilera;2011
372;Roll Over Lay Down (Live);Status Quo;1975
373;Watermensen;3JS;2008
374;Think (Blues Brothers Version);Aretha Franklin;1968
375;The Turn Of A Friendly Card;Alan Parsons Project;1980
376;Kristallnach;BAP;1983
377;Sweet Home Alabama;Lynyrd Skynyrd;1974
378;Daughters;John Mayer;2005
379;Ice Queen;Within Temptation;2002
380;The Thrill Is Gone;BB King;1969
381;Trouble;Coldplay;2002
382;The Whole Of The Moon;Waterboys;1986
383;If You Leave Me Now;Chicago;1976
384;Albatross;Fleetwood Mac;1969
385;Who'll Stop The Rain;Creedence Clearwater Revival;1970
386;Mijn Houten Hart;Poema's;1999
387;Message In A Bottle;Police;1979
388;Black Magic Woman;Santana;1970
389;Fast Car;Tracy Chapman;1988
390;I Was Made For Loving You;KISS;1979
391;Our House;Crosby, Stills, Nash & Young;1970
392;Just A Little Bit Of Peace In My Heart;Golden Earrings;1968
393;The Long And Winding Road;Beatles;1970
394;Against All Odds (Take A Look At Me Now);Phil Collins;1984
395;The Lady In Red;Chris de Burgh;1986
396;Baker Street;Gerry Rafferty;1978
397;Thunder Road;Bruce Springsteen;1975
398;Beautiful Noise;Neil Diamond;1976
399;Band On The Run;Paul McCartney & Wings;1974
400;Musica E;Eros Ramazzotti;1989
401;It's My Life;Bon Jovi;2000
402;Need Your Love So Bad;Fleetwood Mac;1968
403;You're The First, The Last, My Everything;Barry White;1974
404;My Way;Frank Sinatra;1969
405;Kleine Jongen;André Hazes;1990
406;A Boy Named Sue;Johnny Cash;1969
407;New Year's Day;U2;1983
408;Suzie Q (part 1);Creedence Clearwater Revival;1968
409;Thank You For The Music;ABBA;1978
410;The Wall Street Shuffle;10cc;1974
411;One Way Wind;Cats;1971
412;We Are The Champions;Queen;1977
413;Man On The Moon;R.E.M.;1992
414;All I Need;Air;1999
415;Badlands;Bruce Springsteen;1978
416;In Nije Dei;De Kast;1997
417;Immigrant Song;Led Zeppelin;1971
418;Starlight;Muse;2006
419;I'm On Fire;Bruce Springsteen;1985
420;Afscheid Nemen Bestaat Niet;Marco Borsato;2003
421;The Logical Song;Supertramp;1979
422;You Are So Beautiful;Joe Cocker;1975
423;I Want To Know What Love Is;Foreigner;1984
424;Somebody That I Used To Know;Gotye ft. Kimbra;2011
425;Leningrad;Billy Joel;1989
426;The Family Tree;Venice;1999
427;One Of These Nights;Eagles;1975
428;Geef Mij Je Angst;André Hazes;1983
429;Your Song;Elton John;1971
430;Follow You Follow Me;Genesis;1978
431;Denis;Blondie;1978
432;The Lazy Song;Bruno Mars;2011
433;Mooie Dag;Bløf;2002
434;Respect;Aretha Franklin;1967
435;Overture (Tommy);Who;1969
436;Livin' On A Prayer;Bon Jovi;1986
437;River Deep Mountain High;Ike & Tina Turner;1966
438;Wild Horses;Rolling Stones;1971
439;32 Jaar (Sinds 1 Dag Of 2);Doe Maar;1981
440;Memory;Barbra Streisand;1982
441;Golden Brown;Stranglers;1982
442;Summertime;Brainbox;1969
443;Penny Lane;Beatles;1967
444;Zonder Jou;Paul de Leeuw & Simone Kleinsma;1995
445;Sloop John B;Beach Boys;1966
446;Free Bird ;Lynyrd Skynyrd;1974
447;Leaving On A Jetplane;John Denver;1969
448;Sailing;Rod Stewart;1975
449;Blueberry Hill;Fats Domino;1957
450;Psycho Killer;Talking Heads;1978
451;Pinball Wizard;Who;1969
452;Aquarius / Let The Sunshine In;The 5th Dimension;1969
453;Woman In Love;Barbra Streisand;1980
454;Onderweg;Abel;2000
455;Stayin' Alive;Bee Gees;1978
456;Sgt. Pepper’s Lonely Hearts Club Band;Beatles;1967
457;Anne;Herman Van Veen;1986
458;Smooth Criminal;Michael Jackson;1988
459;Always On My Mind;Elvis Presley;1972
460;Crazy Little Thing Called Love;Queen;1979
461;Get Back;Beatles;1969
462;Dat Komt Door Jou;Guus Meeuwis;2009
463;Nothing Rhymed;Gilbert O'Sullivan;1971
464;What A Wonderful World;Louis Armstrong;1968
465;American Pie;Don McLean;1972
466;Ben;Michael Jackson;1972
467;Lust For Life;Iggy Pop;1977
468;Massachusetts;Bee Gees;1967
469;(Everything I Do) I Do It For You;Bryan Adams;1991
470;Don't Look Back In Anger;Oasis;1996
471;One;Mary J Blige & U2;2007
472;Auto Vliegtuug;Rowwen Hèze;1999
473;Hier Kom Ik Weg;Daniel Lohues;2008
474;Sweet Dreams (Are Made Of This);Eurythmics;1983
475;Four Seasons In One Day;Crowded House;1992
476;Another One Bites The Dust;Queen;1980
477;Knockin' On Heaven's Door;Bob Dylan;1973
478;Mrs. Robinson;Simon & Garfunkel;1968
479;Sailing To Philadelphia;Mark Knopfler & James Taylor;2000
480;Mamma Mia;ABBA;1975
481;Words;Bee Gees;1968
482;My Generation;Who;1965
483;Kijk Omhoog;Nick & Simon;2007
484;So Long Marianne;Leonard Cohen;1968
485;Superstition;Stevie Wonder;1973
486;Lea;Cats;1968
487;Is She Really Going Out With Him? (Live);Joe Jackson;1979
488;Oh Well (Part I);Fleetwood Mac;1969
489;Als Het Vuur Gedoofd Is;Acda & De Munnik;1997
490;Everytime I Think Of You;Babys;1979
491;All I Want Is You;U2;1989
492;Tusk;Fleetwood Mac;1979
493;In The Dutch Mountains;Nits;1987
494;The Times They Are A Changin';Bob Dylan;1964
495;Always;Bon Jovi;1994
496;I Heard It Through The Grapevine;Creedence Clearwater Revival;1973
497;Tranen Gelachen;Guus Meeuwis;2007
498;Locomotive Breath;Jethro Tull;1972
499;So Long;Fischer-Z;1980
500;In A Gadda Da Vida;Iron Butterfly;1970
501;Michelle;Beatles;1966
502;I Want It All;Queen;1989
503;Total Eclipse Of The Heart;Bonnie Tyler;1983
504;White Room;Cream;1968
505;I've Got Dreams To Remember;Otis Redding;1968
506;Jimmy;Boudewijn De Groot;1973
507;Suzanne;Herman Van Veen;1969
508;One Step Beyond;Madness;1979
509;The Boys Of Summer;Don Henley;1985
510;Moondance;Van Morrison;1970
511;I Have A Dream;ABBA;1979
512;Something;Beatles;1969
513;N'Oubliez Jamais;Joe Cocker;1997
514;Silent Lucidity;Queensrÿche;1990
515;I Heard It Through The Grapevine;Marvin Gaye;1969
516;Private Dancer;Tina Turner;1984
517;People Are Strange;Doors;1967
518;Why Tell Me Why;Anita Meyer;1981
519;I Say A Little Prayer;Aretha Franklin;1968
520;Won't Get Fooled Again;Who;1971
521;Whisky In The Jar;Thin Lizzy;1973
522;Unfinished Sympathy;Massive Attack;1991
523;Foto Van Vroeger;Rob de Nijs;1980
524;One Of These Days;Pink Floyd;1971
525;How Deep Is Your Love;Bee Gees;1977
526;She Sells Sanctuary;Cult;1986
527;My Immortal;Evanescence;2003
528;The Best;Tina Turner;1989
529;Binnen Zonder Kloppen;De Dijk;1985
530;Ren Lenny Ren;Acda & De Munnik;2002
531;Love Hurts;Nazareth;1974
532;Runnin' With The Devil;Van Halen;1980
533;You Ain't Seen Nothing Yet;Bachman-Turner Overdrive;1974
534;See Me, Feel Me;Who;1970
535;Omarm;Bløf;2003
536;Ironic;Alanis Morissette;1995
537;A Kind Of Magic;Queen;1986
538;Dani California;Red Hot Chili Peppers;2006
539;Waiting On The World To Change;John Mayer;2006
540;Unchained Melody;Righteous Brothers;1965
541;What It Is;Mark Knopfler;2000
542;Jump;Van Halen;1984
543;99 Luftballons;Nena;1983
544;World Of Hurt;Ilse DeLange;1998
545;The Final Countdown;Europe;1986
546;Eternal Flame;Bangles;1989
547;Take Me Home, Country Roads;John Denver;1971
548;Sad But True;Metallica;1992
549;New Kid In Town;Eagles;1977
550;Girl;Anouk;2004
551;Maid Of Orleans;Orchestral Manoeuvres In The Dark;1982
552;Dreamer;Supertramp;1974
553;Chan Chan;Buena Vista Social Club;1997
554;I'm Going Home;Ten Years After;1971
555;Rain Down On Me;Kane;2002
556;Con Te Partiro;Andrea Bocelli;1996
557;Could You Be Loved;Bob Marley & The Wailers;1980
558;Mull Of Kintyre;Paul McCartney & Wings;1977
559;Tequila Sunrise;Eagles;1973
560;Unchain My Heart;Joe Cocker;1987
561;Like The Way I Do;Melissa Etheridge;1989
562;Sharp Dressed Man;ZZ Top;1985
563;In A Lifetime;Clannad & Bono;1986
564;The One I Love;R.E.M.;1987
565;Mijn Vlakke Land;Jacques Brel;1965
566;Max;Paolo Conte;1988
567;Het Werd Zomer;Rob de Nijs;1977
568;The Life I Live;Q65;1966
569;It's A Man's Man's World;James Brown;1966
570;You're So Vain;Carly Simon;1973
571;Flappie;Youp van 't Hek;1981
572;Mr Rock & Roll;Amy MacDonald;2008
573;Ain't Got No, I Got Life;Nina Simone;1968
574;She Flies On Strange Wings;Golden Earring;1971
575;Somebody To Love (Live);George Michael & Queen;1993
576;Russians;Sting;1985
577;You'll Be In My Heart;Phil Collins;1999
578;Blauw;Scene;1991
579;Frozen;Madonna;1998
580;London Calling;Clash;1979
581;I'd Do Anything For Love (But I Won't Do That);Meat Loaf;1993
582;Land Van Maas En Waal;Boudewijn De Groot;1967
583;Little Green Bag;George Baker Selection;1969
584;Ordinary People;John Legend;2005
585;Back It Up;Caro Emerald;2009
586;Alles Geprobeerd;Het Goede Doel;1986
587;Driving Home For Christmas;Chris Rea;1986
588;Such A Shame;Talk Talk;1984
589;You;Ten Sharp;1991
590;Songbird;Eva Cassidy;1998
591;Speed Of Sound;Coldplay;2005
592;Baby Get Higher;Van Velzen;2006
593;I Alone;Live;1995
594;Alles Is Liefde;Bløf;2007
595;Drops Of Jupiter (Tell Me);Train;2001
596;Daar Gaat Ze;Clouseau;1990
597;Annie's Song;John Denver;1976
598;Down Under;Men At Work;1982
599;Heaven Must Be Missing An Angel;Tavares;1976
600;My Home Town;Bruce Springsteen;1986
601;I Am The Walrus;Beatles;1967
602;Slippery People (Live);Talking Heads;1985
603;My Boy;Elvis Presley;1975
604;For The First Time;The Script;2010
605;That Man;Caro Emerald;2010
606;Hurt;Christina Aguilera;2006
607;Venus;Shocking Blue;1969
608;You've Got A Friend;Carole King;1971
609;Dirty Diana;Michael Jackson;1988
610;Chiquitita;ABBA;1979
611;Mr. Jones;Counting Crows;1994
612;Heartbreak Warfare;John Mayer;2010
613;Land Of Confusion;Genesis;1986
614;You'll Never Walk Alone;Gerry & The Pacemakers;1963
615;El Condor Pasa (If I Could);Simon & Garfunkel;1970
616;You're Beautiful;James Blunt;2005
617;Nergens Goed Voor;De Dijk;1989
618;De Verzoening;Frank Boeijen;1987
619;Happy New Year;ABBA;1980
620;Through The Barricades;Spandau Ballet;1986
621;Working Class Hero;John Lennon;1970
622;Time In A Bottle;Jim Croce;1973
623;Help;Beatles;1965
624;Brown Sugar;Rolling Stones;1971
625;Walk On The Wild Side;Lou Reed;1973
626;Everybody Needs Somebody To Love;Blues Brothers;1989
627;Papa Can You Hear Me?;Barbra Streisand;1983
628;True Colors;Cyndi Lauper;1986
629;Vluchten Kan Niet Meer;Frans Halsema & Jenny Arean;1977
630;Mensch;Herbert Grönemeyer;2004
631;Last Christmas;Wham;1984
632;Als De Morgen Is Gekomen;Jan Smit;2006
633;Il Volo;Zucchero;1996
634;Non Non Rien N'A Changé;Poppys;1971
635;Vous Permettez Monsieur;Adamo;1964
636;Scarborough Fair;Simon & Garfunkel;1966
637;My Heart Will Go On;Celine Dion;1998
638;It Was A Very Good Year;Frank Sinatra;1965
639;Take It Easy;Eagles;1972
640;Jailhouse Rock;Elvis Presley;1957
641;Afscheid;Glennis Grace;2011
642;Geloven In Het Leven;3JS;2010
643;Speeltuin;Marco Borsato;1998
644;Stir It Up (Live);Bob Marley & The Wailers;1979
645;I Just Can't Help Believin';Elvis Presley;1972
646;Mooier Dan Nu;De Dijk;2009
647;Biko;Peter Gabriel;1980
648;Going To The Run;Golden Earring;1991
649;Honky Tonk Women;Rolling Stones;1969
650;Candle In The Wind '97;Elton John;1997
651;After Midnight;J.J. Cale;1972
652;Moonlight Shadow;Mike Oldfield ft. Maggie Reilly;1983
653;Hold The Line;Toto;1979
654;Mercedes Benz;Janis Joplin;1970
655;Use Somebody;Laura Jansen;2010
656;'39;Queen;1975
657;Close To The Edge;Yes;1972
658;Lost;Coldplay;2008
659;Born To Be Wild;Steppenwolf;1968
660;Lyin' Eyes;Eagles;1975
661;Need You Now;Lady Antebellum;2010
662;Magnificent;U2;2009
663;Can't Stop Loving You;Phil Collins;2002
664;Human;The Killers;2008
665;Son Of A Preacher Man;Dusty Springfield;1968
666;De Kapitein Deel II;Acda & De Munnik;2000
667;Stop Loving You;Toto;1988
668;Alive And Kicking;Simple Minds;1985
669;Whatever You Want;Status Quo;1979
670;I Don't Wanna Hurt;Anouk;2008
671;Sign O'The Times;Prince;1987
672;Laura;Jan Smit;2005
673;Harvest;Neil Young;1972
674;Heal The World;Michael Jackson;1992
675;Down Down;Status Quo;1975
676;Bad Romance;Lady Gaga;2009
677;Layla ;Derek & The Dominos;1971
678;When Doves Cry;Prince & the Revolution;1984
679;Roundabout;Yes;1972
680;Working On A Dream;Bruce Springsteen;2008
681;Real Men;Joe Jackson;1982
682;Hello;Lionel Richie;1984
683;Als Het Golft;De Dijk;2000
684;(You Make Me Feel Like A) Natural Woman;Aretha Franklin;1967
685;My Sweet Lord;George Harrison;1970
686;I'm Yours;Jason Mraz;2008
687;I Will Always Love You;Whitney Houston;1992
688;All You Need Is Love;Beatles;1967
689;Als Ze Danst;Guus Meeuwis;2011
690;Touch Me;Doors;1969
691;Careless Whisper;George Michael;1984
692;Dreams;Fleetwood Mac;1977
693;Black Or White;Michael Jackson;1991
694;Orinoco Flow (Sail Away);Enya;1988
695;Lucy In The Sky With Diamonds;Beatles;1967
696;Hou Vol Hou Vast;Bløf;2011
697;Bicycle Race;Queen;1978
698;Top Of The World;Carpenters;1973
699;Apache;Shadows;1960
700;Tunnel Of Love;Dire Straits;1980
701;Talk;Coldplay;2005
702;The Power Of Love;Frankie Goes To Hollywood;1984
703;Tonight (Live);David Bowie & Tina Turner;1988
704;Poker Face;Lady Gaga;2009
705;Sylvia's Mother;Dr Hook & The Medicine Show;1972
706;Beautiful People;Melanie;1969
707;Mr. Tambourine Man;Byrds;1965
708;Josephine;Chris Rea;1985
709;Vertigo;U2;2004
710;Home;Michael Bublé;2004
711;Nescio;Nits;1983
712;Proud Mary;Creedence Clearwater Revival;1969
713;Never Be Clever;Herman Brood & His Wild Romance;1979
714;I'm Not So Tough;Ilse DeLange;1998
715;Happiness;Alexis Jordan;2011
716;Georgia On My Mind;Ray Charles;1960
717;Gloria;Them;1967
718;You've Got A Friend;James Taylor;1971
719;Johnny B. Goode;Chuck Berry;1958
720;Ziggy Stardust;David Bowie;1972
721;Vivo Per Lei;Andrea Bocelli & Giorgia;1996
722;Peter Gunn Theme;Emerson, Lake & Palmer;1980
723;Stuck In A Moment You Can't Get Out Of;U2;2000
724;Down Man;Brainbox;1969
725;Guilty;Barbra Streisand & Barry Gibb;1980
726;Jolene;Dolly Parton;1974
727;Mooi Liedje;Acda & De Munnik;1997
728;Mr. Bojangles;Sammy Davis Jr.;1972
729;Cocaine;J.J. Cale;1973
730;Heaven;Bryan Adams;1985
731;De Waarheid;Marco Borsato;1996
732;Drive;R.E.M.;1992
733;Bestel Mar;Rowwen Hèze;1992
734;Take Five;Dave Brubeck Quartet;1962
735;Black Betty;Ram Jam;1978
736;Cloudbusting;Kate Bush;1985
737;Nikita;Elton John;1985
738;Life On Mars;David Bowie;1971
739;Once Upon A Time In The West;Ennio Morricone;1968
740;Message To My Girl;Split Enz;1984
741;Scarlet Ribbons;Cats;1969
742;Sexual Healing;Marvin Gaye;1982
743;Rain And Tears;Aphrodite's Child;1968
744;Red Red Wine;UB40;1983
745;I Will Follow (Live);U2;1982
746;Autobahn;Kraftwerk;1975
747;Binnen;Marco Borsato;1999
748;Umbrella;Baseballs;2010
749;Moon Over Bourbon Street;Sting;1985
750;Haven't Met You Yet;Michael Bublé;2009
751;I Want You;Bob Dylan;1966
752;The Worker;Fischer-Z;1979
753;Ik Leef Niet Meer Voor Jou;Marco Borsato;1996
754;He Ain't Heavy, He's My Brother;Hollies;1969
755;Two Out Of Three Ain't Bad;Meat Loaf;1977
756;Running Up That Hill;Kate Bush;1985
757;Have A Little Faith In Me;John Hiatt;1989
758;As Tears Go By;Rolling Stones;1966
759;Breakfast In America;Supertramp;1979
760;Blue Monday;New Order;1983
761;Heaven For Everyone;Queen;1995
762;Jessica;Allman Brothers Band;1976
763;Ik Wou Dat Ik Jou Was;Veldhuis & Kemper;2003
764;Be My Number Two;Joe Jackson;1984
765;Never Tear Us Apart;INXS;1988
766;Where Is The Love;Black Eyed Peas;2003
767;Violet Hill;Coldplay;2008
768;Tears In The Morning;Beach Boys;1970
769;Voor Ik Vergeet;Spinvis;2002
770;Goodbye My Lover;James Blunt;2005
771;Blauwe Ruis;Bløf;2002
772;Kingston Town;UB40;1990
773;Hart Van Mijn Gevoel;De Kast;1999
774;You're My Best Friend;Queen;1976
775;Sammy;Ramses Shaffy;1966
776;One Word;Anouk;2005
777;Tuesday Afternoon;Moody Blues;1968
778;Mandy;Barry Manilow;1974
779;Rosanna;Toto;1982
780;Jumpin' Jack Flash;Rolling Stones;1968
781;7 Seconds;Youssou N'Dour & Neneh Cherry;1994
782;Fernando;ABBA;1975
783;Droomland;André Hazes & Paul de Leeuw;1993
784;Donna;10CC;1973
785;I Wish;Stevie Wonder;1977
786;Don't Dream It's Over;Crowded House;1987
787;In The Year 2525;Zager & Evans;1969
788;Weak;Skunk Anansie;1995
789;Spicks And Specks;Bee Gees;1967
790;Wonderful World;Sam Cooke;1960
791;Waarom Fluister Ik Je Naam Nog;Benny Neyman;1985
792;Marian;Cats;1969
793;September;Earth, Wind & Fire;1979
794;Rhiannon (Will You Ever Win);Fleetwood Mac;1976
795;Anyplace Anywhere Anytime;Nena & Kim Wilde;2004
796;Ben Ik Te Min;Armand;1967
797;Nathalie;Gilbert Becaud;1964
798;Everything;Michael Bublé;2007
799;Jesus To A Child;George Michael;1996
800;Breakthru;Queen;1989
801;Ik Heb Je Lief;Stef Bos;1992
802;Baggy Trousers;Madness;1980
803;Wrong;Novastar;1999
804;MacArthur Park;Richard Harris;1968
805;Only Time;Enya;2000
806;They Don't Care About Us;Michael Jackson;1996
807;A Long December;Counting Crows;1996
808;Perhaps Love;John Denver & Placido Domingo;1981
809;Just Like A Woman;Bob Dylan;1966
810;The Hardest Part;Coldplay;2006
811;Stay With Me Till The Morning;Vicky Brown;1986
812;Once In A Lifetime;Talking Heads;1981
813;Get Ready;Rare Earth;1970
814;The Air That I Breathe;Hollies;1974
815;Flink Zijn;Robert Long;1977
816;Every Little Thing She Does Is Magic;Police;1981
817;You Do Something To Me;Paul Weller;1995
818;Storm And Thunder;Earth & Fire;1971
819;Isn't She Lovely;Stevie Wonder;1976
820;Dromen Zijn Bedrog;Marco Borsato;1994
821;Listen To The Music;Doobie Brothers;1972
822;Sweet Caroline;Neil Diamond;1969
823;Don't Answer Me;Alan Parsons Project;1984
824;At Seventeen;Janis Ian;1975
825;One Love - People Get Ready;Bob Marley & The Wailers;1984
826;Calypso;John Denver;1975
827;Don't Stop;Fleetwood Mac;1977
828;Lady D'Arbanville;Cat Stevens;1970
829;Let Love Rule;Lenny Kravitz;1989
830;If You Don't Know Me By Now;Simply Red;1989
831;Wicked Way;Waylon;2009
832;Senza Una Donna;Zucchero ft. Paul Young;1988
833;MacArthur Park;Donna Summer;1978
834;Waiting On A Friend;Rolling Stones;1981
835;Give Up Your Guns;Buoys;1972
836;House For Sale;Lucifer;1975
837;In My Life;Beatles;1965
838;Monday Monday;The Mamas & The Papas;1966
839;Why;Annie Lennox;1992
840;Fly Me To The Moon;Frank Sinatra;1964
841;Ruby Tuesday;Rolling Stones;1967
842;It's A Long Way There;Little River Band;1976
843;Nightporter;Japan;1980
844;Sometimes You Can't Make It On Your Own;U2;2004
845;Can't Help Falling In Love With You;Elvis Presley;1961
846;Against The Wind;Bob Seger & The Silver Bullet Band;1980
847;Sacrifice;Anouk;1998
848;Still Believe;Herman Brood & His Wild Romance;1978
849;Black Hole Sun;Soundgarden;1994
850;She's A Rainbow;Rolling Stones;1967
851;Is Dit Alles;Doe Maar;1982
852;So Lonely;Police;1979
853;Belgie;Het Goede Doel;1982
854;Love Her Madly;Doors;1971
855;Don't Speak;No Doubt;1996
856;Tell Him;Celine Dion & Barbra Streisand;1997
857;Dancin' Fool;Frank Zappa;1979
858;Een Meisje Van 16;Boudewijn De Groot;1965
859;On The Border;Al Stewart;1977
860;Lay Lady Lay;Bob Dylan;1969
861;Shiny Happy People;R.E.M.;1991
862;She's Leaving Home;Beatles;1967
863;Are You Gonna Go My Way;Lenny Kravitz;1993
864;How Can We Hang On To A Dream;Tim Hardin;1967
865;Cowboys And Angels;George Michael;1990
866;Alone;Heart;1987
867;Fire And Rain;James Taylor;1970
868;You Can Call Me Al;Paul Simon;1986
869;Aanzoek Zonder Ringen;Bløf;2007
870;Banger Hart;Rob de Nijs;1996
871;Fly Like An Eagle;Steve Miller Band;1976
872;Stand By Me;Ben E. King;1987
873;The Closest Thing To Crazy;Katie Melua;2004
874;Fool To Cry;Rolling Stones;1976
875;Give A Little Bit;Supertramp;1977
876;Gaia;Valensia;1993
877;Iedereen Is Van De Wereld;Scene;1991
878;(Something Inside) So Strong;Labi Siffre;1987
879;Annabel;Hans De Booij;1983
880;Prikkebeen;Boudewijn De Groot;1968
881;Hilversum 3;Herman Van Veen;1984
882;A Gentleman's Excuse Me;Fish;1990
883;Love Shack;B-52's;1989
884;Life In Technicolor ii;Coldplay;2009
885;De Dag Dat Alles Beter Is;Nick & Simon;2009
886;Tie Your Mother Down;Queen;1977
887;Tinseltown In The Rain;Blue Nile;1984
888;Smooth Operator;Sade;1984
889;Wicked Game;Chris Isaak;1991
890;Vallende Sterren;Nick & Simon;2009
891;I Will Survive;Gloria Gaynor;1979
892;Yours Is No Disgrace;Yes;1971
893;Wat Zou Je Doen;Bløf;1998
894;Black Night;Deep Purple;1970
895;Tombe La Neige;Adamo;1964
896;In Dreams;Roy Orbison;1963
897;Avalon;Roxy Music;1982
898;De Weg;Guus Meeuwis;2005
899;(Don't Fear) The Reaper;Blue Öyster Cult;1976
900;Lovers In Japan;Coldplay;2009
901;Bedshaped;Keane;2004
902;Wind Beneath My Wings;Bette Midler;1988
903;It's All Over Now;Rolling Stones;1964
904;Suicide Is Painless;M.A.S.H.;1970
905;Dodenrit;Drs. P;1974
906;Kalverliefde;Robert Long;1974
907;Jesus He Knows Me;Genesis;1992
908;The Head And The Heart;Chris De Burgh;1984
909;Took A Hit;Racoon;2011
910;When I'm Sixty-Four;Beatles;1967
911;Lay All Your Love On Me;ABBA;1981
912;Lucky Man;Emerson, Lake & Palmer;1971
913;Beautiful;Christina Aguilera;2003
914;Make Me Smile (Come Up And See Me);Steve Harley & Cockney Rebel;1975
915;Song Of The Marching Children;Earth & Fire;1971
916;Let's Dance;David Bowie;1983
917;Hunting High And Low;A-Ha;1986
918;Waterloo;ABBA;1974
919;Durgerdam Slaapt;Zijlstra;2002
920;You Took The Words Right Out Of My Mouth;Meat Loaf;1979
921;Sylvia;Focus;1972
922;Sir Duke;Stevie Wonder;1977
923;Warwick Avenue;Duffy;2008
924;Fireflies;Owl City;2009
925;De Wedstrijd;Bram Vermeulen;1991
926;De Stroom;3JS;2011
927;Linger;Cranberries;1993
928;Fantastig Toch;Eva De Roovere;2007
929;De Bestemming;Marco Borsato;1998
930;Glory Days;Bruce Springsteen;1985
931;Get Up Stand Up;Bob Marley & The Wailers;1973
932;For No One;Beatles;1966
933;The Weight;The Band;1968
934;Eye Of The Tiger;Survivor;1982
935;25 Or 6 To 4;Chicago;1970
936;Keep On Loving You;REO Speedwagon;1981
937;Bright Side Of The Road;Van Morrison;1979
938;Starlight Dancer;Kayak;1977
939;Dancing In The Street;David Bowie & Mick Jagger;1985
940;I Started A Joke;Bee Gees;1969
941;A Hard Day's Night;Beatles;1964
942;State Of Independence;Donna Summer;1982
943;Like A Prayer;Madonna;1989
944;San Francisco (Be Sure To Wear Some Flowers In Your Hair);Scott McKenzie;1967
945;Uncertain Smile;The The;1984
946;I've Been Loving You Too Long;Otis Redding;1965
947;The Rising;Bruce Springsteen;2002
948;Het Masker;Nick & Simon;2009
949;Road To Nowhere;Talking Heads;1985
950;Weather With You;Crowded House;1992
951;The Great Escape;Ilse DeLange;2007
952;Maggie May;Rod Stewart;1971
953;Beds Are Burning;Midnight Oil;1988
954;Everybody's Changing;Keane;2004
955;Waarom Nou Jij;Marco Borsato;1994
956;China Girl;David Bowie;1983
957;Skinny Love;Birdy;2011
958;Swim With Sam;A Balladeer;2006
959;Driver's Seat;Sniff 'n The Tears;1980
960;De Zee;Trijntje Oosterhuis;1996
961;Circle Of Life;Elton John;1994
962;Love Is A Battlefield;Pat Benatar;1984
963;Hou Me Vast;Volumia!;1998
964;Why Worry;Dire Straits;1985
965;She Will Be Loved;Maroon 5;2004
966;The First Time Ever I Saw Your Face;Roberta Flack;1972
967;Shout;Tears For Fears;1985
968;Into Temptation;Crowded House;1989
969;Crazy;Seal;1991
970;Sledgehammer;Peter Gabriel;1986
971;Memories;Earth & Fire;1972
972;Just Can't Get Enough (Live);Depeche Mode;1985
973;Lady Jane;Rolling Stones;1966
974;I Wish It Would Rain Down;Phil Collins;1990
975;On Every Street;Dire Straits;1992
976;Feeling Good;Michael Bublé;2004
977;Ann;Q65;1966
978;Lullaby;Cure;1989
979;Spanish Stroll;Mink Deville;1977
980;Nightboat To Cairo;Madness;1980
981;Alejandro;Lady Gaga;2010
982;Carry On;Crosby, Stills, Nash & Young;1970
983;The Way We Were;Barbra Streisand;1973
984;Twist In My Sobriety;Tanita Tikaram;1988
985;Sex Machine;James Brown;1970
986;Rockin' All Over The World;Status Quo;1977
987;Beter;Bløf;2011
988;Jerusalem;Anouk;2005
989;Laat Me Alleen;Rita Hovink;1977
990;Ordinary World;Duran Duran;1993
991;Celluloid Heroes;Kinks;1973
992;Wanted (Dead Or Alive);Bon Jovi;1987
993;Always On My Mind;Willie Nelson;1984
994;Je Veux De L'amour;Raymond Van Het Groenewoud;1980
995;Europa (Earth's Cry Heaven's Smile);Santana;1977
996;Roof Garden;Al Jarreau;1982
997;Love In An Elevator;Aerosmith;1989
998;Waterloo Sunset;Kinks;1967
999;Love Me Tender;Elvis Presley;1956
1000;You're The Voice;John Farnham;1987
1001;De Bom;Doe Maar;1982
1002;Don't Bring Me Down;Electric Light Orchestra;1979
1003;On The Road Again;Canned Heat;1968
1004;It's My Life;Talk Talk;1984
1005;Back In The U.S.S.R.;Beatles;1968
1006;Long As I Can See The Light;Creedence Clearwater Revival;1970
1007;Suite: Judy Blue Eyes;Crosby, Stills & Nash;1969
1008;Crazy On You;Heart;1977
1009;Casser La Voix (Live);Patrick Bruel;1992
1010;Terug Naar De Kust;Maggie MacNeal;1976
1011;Back Home;Golden Earring;1970
1012;Luna;Alessandro Safina;2000
1013;Don't Forget To Remember;Bee Gees;1969
1014;Eve Of Destruction;Barry McGuire;1965
1015;Belle Helene;Doe Maar;1982
1016;Hair;Zen;1968
1017;White Flag;Dido;2003
1018;Boulevard De La Madeleine;Moody Blues;1966
1019;Theme From 'Harry's Game';Clannad;1983
1020;Relight My Fire;Dan Hartman;1980
1021;Big Log;Robert Plant;1983
1022;Stuck;Caro Emerald;2010
1023;Three Times A Lady;Commodores;1978
1024;Beast Of Burden;Bette Midler;1984
1025;I've Just Lost Somebody;Golden Earring;1968
1026;Here There And Everywhere;Beatles;1966
1027;Yesterday When I Was Young;Charles Aznavour;1970
1028;I Close My Eyes (And Count To Ten);Dusty Springfield;1968
1029;Fairground;Simply Red;1995
1030;Rivers Of Babylon;Boney M;1978
1031;Hello Goodbye;Beatles;1967
1032;You Give Love A Bad Name;Bon Jovi;1986
1033;Kl 204 (Als Ik God Was);Peter Koelewijn;1978
1034;Woman;John Lennon;1981
1035;I'll Have To Say I Love You In A Song;Jim Croce;1974
1036;Another Day Another Road;Cuby & The Blizzards;1967
1037;Are You Lonesome Tonight;Elvis Presley;1960
1038;Forbidden Colours;Ryuichi Sakamoto & David Sylvian;1983
1039;Going To A Town;Rufus Wainwright;2007
1040;A Thing Called Love;Johnny Cash;1972
1041;Born On The Bayou;Creedence Clearwater Revival;1969
1042;Lady Madonna;Beatles;1968
1043;Mercy;Duffy;2008
1044;Wij Zullen Doorgaan;Ramses Shaffy;1975
1045;Voir Un Ami Pleurer;Jacques Brel;1961
1046;Wild Rover;Dubliners;1964
1047;Mijn Gebed;DC Lewis;1970
1048;New York State Of Mind;Billy Joel;1976
1049;Living Doll;Cliff Richard & The Young Ones;1986
1050;Vlieg Met Me Mee (Live);Paul De Leeuw;1992
1051;Als De Dag Van Toen;Reinhard Mey;1975
1052;Candy;Iggy Pop & Kate Pierson;1990
1053;Diamante;Zucchero;1986
1054;Crack The Shutters;Snow Patrol;2008
1055;Life's What You Make It;Talk Talk;1985
1056;Gimme Gimme Gimme;ABBA;1979
1057;Love Is All;Roger Glover & Guests;1975
1058;The Promise You Made;Cock Robin;1986
1059;Streets Of London;Ralph McTell;1972
1060;If;Bread;1971
1061;You Oughta Know;Alanis Morissette;1995
1062;You Can Leave Your Hat On;Joe Cocker;1986
1063;Waterfront;Simple Minds;1984
1064;Run To You;Bryan Adams;1985
1065;Accidentally In Love;Counting Crows;2004
1066;Lemon Tree;Fools Garden;1996
1067;Show Me The Way;Peter Frampton;1976
1068;One Of Us;ABBA;1981
1069;Helpless;Crosby, Stills, Nash & Young;1970
1070;When A Man Loves A Woman;Percy Sledge;1966
1071;Wat Zou Je Doen;Marco Borsato & Ali B;2004
1072;Human Nature;Michael Jackson;1983
1073;Disco Inferno;Trammps;1977
1074;Never Gonna Give You Up;Rick Astley;1987
1075;No Regrets;The Walker Brothers;1976
1076;Hide In Your Shell;Supertramp;1974
1077;Eva;Acda en De Munnik;2010
1078;Theme From 'New York New York';Frank Sinatra;1980
1079;If You Were A Sailboat;Katie Melua;2007
1080;Sunny Afternoon;Kinks;1966
1081;American Trilogy;Elvis Presley;1972
1082;Subterranean Homesick Blues;Bob Dylan;1965
1083;Everlong;Foo Fighters;1997
1084;Boogie Wonderland;Earth, Wind & Fire;1979
1085;Do It Again;Steely Dan;1972
1086;See Emily Play;Pink Floyd;1967
1087;Bad;Michael Jackson;1983
1088;Hijo De La Luna;Mecano;1990
1089;Back To Black;Amy Winehouse;2006
1090;Wer Bisto;Twarres;2000
1091;Love Is All Around;Wet Wet Wet;1994
1092;Liefste Mijn Liefste;Robert Long;1974
1093;Isn't It Time;Babys;1977
1094;Hald Mich 's Vas;Neet Oét Lottum;2005
1095;The Road To Mandalay;Robbie Williams;2001
1096;There Must Be An Angel (Playing With My Heart);Eurythmics;1985
1097;Little Red Rooster;Rolling Stones;1965
1098;Save A Prayer;Duran Duran;1985
1099;Wereld Zonder Jou;Marco Borsato & Trijntje Oosterhuis;1997
1100;Boys Don't Cry;Cure;1986
1101;Ashes To Ashes;David Bowie;1980
1102;Gold;Spandau Ballet;1983
1103;Knowing Me Knowing You;ABBA;1977
1104;Sunshine Of Your Love;Cream;1968
1105;Yellow Submarine;Beatles;1966
1106;Wouldn't It Be Nice;Beach Boys;1966
1107;Miss You;Rolling Stones;1978
1108;Rock 'n Roll;Cats;1974
1109;The Free Electric Band;Albert Hammond;1973
1110;Mainstreet;Bob Seger;1977
1111;Blinded By The Light;Manfred Mann's Earth Band;1976
1112;Don't Know Why;Norah Jones;2002
1113;Walk On;U2;2000
1114;Hemingway;Bløf;2007
1115;Take The Long Way Home;Supertramp;1979
1116;September Morn';Neil Diamond;1979
1117;Vriendschap;Het Goede Doel;1983
1118;And I Love Her;Beatles;1964
1119;Sowing The Seeds Of Love;Tears For Fears;1989
1120;Start Me Up;Rolling Stones;1981
1121;The Sun Ain't Gonna Shine Anymore;The Walker Brothers;1966
1122;Oh, Pretty Woman;Roy Orbison;1964
1123;Burning Love;Elvis Presley;1972
1124;Twist And Shout;Beatles;1963
1125;Malle Babbe;Rob de Nijs;1975
1126;Girl You'll Be A Woman Soon;Neil Diamond;1971
1127;I'm Mandy Fly Me;10CC;1976
1128;Across The Universe;Beatles;1970
1129;Hero;Enrique Iglesias;2001
1130;Because The Night;Patti Smith Group;1978
1131;You Really Got Me;Kinks;1964
1132;Let's Stay Together;Al Green;1971
1133;Foolish Games;Jewel;1997
1134;Sunrise;Norah Jones;2004
1135;Big In Japan;Alphaville;1984
1136;1999;Prince;1982
1137;Everybody Wants To Rule The World;Tears For Fears;1985
1138;Night Fever;Bee Gees;1978
1139;Summertime;Ella Fitzgerald & Louis Armstrong;1957
1140;Smalltown Boy;Bronski Beat;1984
1141;Does Your Mother Know;ABBA;1979
1142;Me Gustas Tu;Manu Chao;2000
1143;New York Minute;Don Henley;1989
1144;Walking On The Moon;Police;1979
1145;Smoorverliefd;Doe Maar;1981
1146;The Guitar Man;Bread;1972
1147;Come On Eileen;Dexy's Midnight Runners;1982
1148;Shaffy Cantate;Ramses Shaffy & Liesbeth List;1965
1149;Vrienden Voor Het Leven;Jan Smit;2005
1150;Zwart-Wit;Frank Boeijen;1984
1151;The Joker;Steve Miller Band;1973
1152;Damn Those Eyes;Kane;1999
1153;Listen To Your Heart;Roxette;1988
1154;Les Lacs Du Connemara;Michel Sardou;1982
1155;Peggy Sue;Buddy Holly;1957
1156;Close To Me;Cure;1985
1157;Still Crazy After All These Years;Paul Simon;1975
1158;Tous Les Garcons Et Les Filles;Françoise Hardy;1963
1159;Green Green Grass Of Home;Tom Jones;1966
1160;Sound Of The Screaming Day;Golden Earrings;1967
1161;My Baby Just Cares For Me;Nina Simone;1987
1162;Beautiful Distraction;Ilse DeLange;2010
1163;As;Stevie Wonder;1976
1164;Oxygene IV;Jean Michel Jarre;1977
1165;Don't Stop 'til You Get Enough;Michael Jackson;1979
1166;Eight Days A Week;Beatles;1965
1167;Cecilia;Simon & Garfunkel;1970
1168;Home;Simply Red;2003
1169;Love Like Blood;Killing Joke;1985
1170;This Love;Maroon 5;2004
1171;Inch' Allah;Adamo;1967
1172;The Eve Of The War;Jeff Wayne;1978
1173;(They Long To Be) Close To You;Carpenters;1970
1174;I Won't Let You Down;PHD;1981
1175;When You Say Nothing At All;Ronan Keating;1999
1176;La Mamma;Charles Aznavour;1964
1177;Will You Be There;Michael Jackson;1993
1178;Arnold Layne;Pink Floyd;1971
1179;Forever Autumn;Jeff Wayne & Justin Hayward;1978
1180;Ich Bin Wie Du;Marianne Rosenberg;1976
1181;Wheelchair Groupie;Alquin;1975
1182;Dance The Night Away;The Mavericks;1998
1183;The Way You Make Me Feel;Michael Jackson;1987
1184;Always Look On The Bright Side Of Life;Monty Python;1981
1185;Midnight Train To Georgia;Gladys Knight & The Pips;1973
1186;Don't Let Me Be Misunderstood;Santa Esmeralda;1977
1187;Mister Blue;Rene Klijn;1993
1188;Tainted Love;Soft Cell;1981
1189;Unbeschreiblich Weiblich;Nina Hagen;1979
1190;Zuid-Afrika;Karin Bloemen;1991
1191;I'm A Believer;Monkees;1966
1192;This Is My Life;Shirley Bassey;1979
1193;Hey Soul Sister;Train;2010
1194;Summertime;Billie Holiday;1936
1195;Stuck In The Middle With You;Stealers Wheel;1973
1196;Shout;Trammps;1975
1197;I Saw Her Standing There;Beatles;1963
1198;More Than Words;Extreme;1991
1199;Fallin';Alicia Keys;2001
1200;Leun Op Mij;Ruth Jacott;1999
1201;Stranger In Moscow;Michael Jackson;1996
1202;Stiekem Gedanst;Toontje Lager;1983
1203;Do They Know It's Christmas;Band Aid;1984
1204;Bend And Break;Keane;2005
1205;Hoe Lang;Nick & Simon;2008
1206;S.O.S.;ABBA;1975
1207;Blue Hotel;Chris Isaak;1987
1208;Ruby;Kaiser Chiefs;2007
1209;Hot N Cold;Katy Perry;2008
1210;Bird Of Paradise;Snowy White;1984
1211;Too Much Love Will Kill You;Brian May;1992
1212;All Summer Long;Kid Rock;2008
1213;Ik Ga Naar Frankrijk;Amazing Stroopwafels;1984
1214;Peaceful Easy Feelin';Eagles;1972
1215;Waiting For The Sun;Doors;1971
1216;A Different Corner;George Michael;1986
1217;Cold As Ice;Foreigner;1977
1218;Woman From Tokyo;Deep Purple;1973
1219;Homeward Bound;Simon & Garfunkel;1966
1220;Woman;Anouk;2009
1221;Love On The Rocks;Neil Diamond;1980
1222;Armen Open;Guus Meeuwis;2011
1223;50 Ways To Leave Your Lover;Paul Simon;1976
1224;Sitting, Waiting, Wishing;Jack Johnson;2005
1225;What's A Woman;Vaya Con Dios;1990
1226;The Eyes Of Jenny;Sandy Coast;1981
1227;Late Again;Stealers Wheel;1973
1228;In Your Light;Jon Allen;2009
1229;We All Stand Together;Paul McCartney & Frog Chorus;1985
1230;Fire;Pointer Sisters;1979
1231;It's Raining Men;Weather Girls;1983
1232;I Can't Make You Love Me;Bonnie Raitt;1991
1233;Don't Let The Sun Go Down On Me;George Michael & Elton John;1991
1234;Live And Let Die;Paul McCartney & Wings;1973
1235;Wintertime;Kayak;1974
1236;Livin' Thing;Electric Light Orchestra;1976
1237;As Tears Go By;Marianne Faithfull;1964
1238;Cose Della Vita;Eros Ramazzotti & Tina Turner;1998
1239;Eres Tu;Mocedades;1973
1240;I'll Find My Way Home;Jon & Vangelis;1982
1241;Puzzle Me;Ilse DeLange;2009
1242;Expecting To Fly;Buffalo Springfield;1968
1243;The Road Ahead (Miles Of The Unknown);City To City;1999
1244;Somebody To Love;Jefferson Airplane;1970
1245;She's The One;Robbie Williams;1999
1246;All I Want For Christmas Is You;Mariah Carey;1994
1247;Why;Cats;1969
1248;MMm MMm MMm MMm;Crash Test Dummies;1994
1249;Anak;Freddie Aguilar;1980
1250;Eldorado / Finale;Electric Light Orchestra;1974
1251;Me And Mrs. Jones;Billy Paul;1973
1252;Sound And Vision;David Bowie;1977
1253;Demasiado Corazon;Mink DeVille;1984
1254;Faith;George Michael;1987
1255;The Ballad Of Lucy Jordan;Marianne Faithfull;1979
1256;Rendez-Vous 6:02;UK;1979
1257;Handle With Care;Traveling Wilburys;1988
1258;Strange Fruit;Billie Holiday;1939
1259;Lord Of The Ages;Magna Carta;1973
1260;No Son Of Mine;Genesis;1991
1261;Where Have I Been Wrong;Cats;1970
1262;Golden Years;David Bowie;1976
1263;Little Lies;Fleetwood Mac;1987
1264;Time Of The Season;The Zombies;1969
1265;Plage;Crystal Fighters;2011
1266;Mississippi;Pussycat;1975
1267;Per Spoor (Kedeng Kedeng);Guus Meeuwis & Vagant;1996
1268;Cambodia;Kim Wilde;1981
1269;Islands In The Stream;Dolly Parton & Kenny Rogers;1983
1270;Let It Grow;Eric Clapton;1974
1271;Elected;Alice Cooper;1972
1272;I've Got You Under My Skin;Frank Sinatra;1956
1273;Girl;Beatles;1965
1274;All This Time;Maria Mena;2008
1275;Down On The Corner;Creedence Clearwater Revival;1969
1276;A Salty Dog;Procol Harum;1969
1277;It's All Over Now, Baby Blue;Them;1966
1278;Yesterday Once More;Carpenters;1973
1279;The Living Years;Mike & The Mechanics;1989
1280;Black Velvet;Alannah Myles;1990
1281;Paparazzi;Lady Gaga;2009
1282;Summer Is Over;Dusty Springfield;1965
1283;Ain't Nobody Home;BB King;1971
1284;Time Stood Still;Bad English ft. John Waite;1991
1285;To Make My Life Beautiful;Alex Harvey;1972
1286;He'll Have To Go;Ry Cooder;1976
1287;Rikki Don't Lose That Number;Steely Dan;1974
1288;Only The Lonely;Roy Orbison;1960
1289;Bring It On Home To Me;Animals;1965
1290;Sweet Jane;Lou Reed;1974
1291;(Walk Me Out) In The Morning Dew;Long John Baldry;1981
1292;Une Belle Histoire / Een Mooi Verhaal;Alderliefste & Paul de Leeuw;2006
1293;Sorry Seems To Be The Hardest Word;Elton John;1976
1294;California Girls;Beach Boys;1965
1295;You And Me (In My Pocket);Milow;2011
1296;Nights On Broadway;Bee Gees;1975
1297;Osaka;The Shoes;1970
1298;'n Beetje Verliefd;André Hazes;1981
1299;Adios Nonino;Carel Kraayenhof ;2002
1300;I Want You To Want Me;Cheap Trick;1979
1301;Grand Hotel;Procol Harum;1973
1302;I Feel Love;Donna Summer;1977
1303;Hungry Heart;Bruce Springsteen;1980
1304;Face In The Crowd;Lionel Richie & Trijntje Oosterhuis;2008
1305;Mon Amour;BZN;1976
1306;Air;Ekseption;1969
1307;Blijf Tot De Zon Je Komt Halen ;Paul De Leeuw;2007
1308;My Friend The Wind;Demis Roussos;1973
1309;Merry Xmas Everybody;Slade;1973
1310;Everywhere;Fleetwood Mac;1988
1311;Woorden Zonder Woorden;De Kast;1998
1312;Memory Motel;Rolling Stones;1976
1313;Old Town;Phil Lynott;1982
1314;Friday I'm In Love;Cure;1992
1315;Smooth;Santana & Rob Thomas;1999
1316;We Belong To The Night;Ellen Foley;1979
1317;Veronica;Cornelis Vreeswijk ;1972
1318;I Will Always Love You;Dolly Parton;1983
1319;Pour Que Tu M'Aimes Encore;Celine Dion;1995
1320;Right Next Door (Because Of Me);Robert Cray Band;1987
1321;Rock 'n Roll Highschool;Ramones;1980
1322;This Strange Effect;Dave Berry;1965
1323;Wanna Be Startin' Somethin';Michael Jackson;1983
1324;Homburg;Procol Harum;1967
1325;The 5th;Ekseption;1969
1326;Eight Miles High;Byrds;1966
1327;Half Of My Heart;John Mayer & Taylor Swift;2010
1328;Good Year For The Roses;Elvis Costello;1981
1329;The Flood;Take That;2010
1330;Tragedy;Bee Gees;1979
1331;Food For Thought;UB40;1980
1332;You'll Never Walk Alone;Lee Towers;1976
1333;Crazy Horses;The Osmonds;1972
1334;On The Wings Of A Nightingale;The Everly Brothers;1984
1335;She Was Naked;Supersister;1970
1336;24 Rozen;Toon Hermans;1967
1337;You Don't Have To Say You Love Me;Dusty Springfield;1966
1338;I Can Hear Music;Beach Boys;1969
1339;La Comparsa;ZZ en de Maskers;1964
1340;Davy's On The Road Again;Manfred Mann's Earth Band;1978
1341;For What It's Worth;Buffalo Springfield;1967
1342;Lost;Michael Bublé;2007
1343;Atlantis;Donovan;1969
1344;Jealous Guy;Roxy Music;1981
1345;Honesty;Billy Joel;1979
1346;Next To Me;Ilse DeLange;2010
1347;Mannish Boy;Muddy Waters;1988
1348;The Things We Do For Love;10CC;1976
1349;Adiemus;Adiemus;1995
1350;Where The Wild Roses Grow;Nick Cave & Kylie Minogue;1995
1351;Dynamite;Mud;1974
1352;Jealous Guy;John Lennon;1971
1353;The Reflex;Duran Duran;1984
1354;Money Money Money;ABBA;1976
1355;Blijf Bij Mij;Paul De Leeuw;1993
1356;Three Little Birds;Bob Marley & The Wailers;1977
1357;Times Were When;Cats;1968
1358;Who Are You;Who;1978
1359;Pretty Amazing Grace;Neil Diamond;2008
1360;No Milk Today;Herman's Hermits;1966
1361;Open Einde;Rob de Nijs;1987
1362;Human Touch;Bruce Springsteen;1992
1363;Love Is The Drug;Roxy Music;1976
1364;Turn Turn Turn;Byrds;1965
1365;Get Here;Oleta Adams;1990
1366;Rebel Rebel;David Bowie;1974
1367;Save Tonight;Eagle Eye Cherry;1998
1368;Toveren;Herman Van Veen;1987
1369;Wild Places;Duncan Browne;1979
1370;My Special Prayer;Percy Sledge;1969
1371;The Way It Is;Bruce Hornsby & The Range;1986
1372;This Melody;Julien Clerc;1976
1373;This Is Not America;David Bowie & Pat Metheny Group;1985
1374;Cornflake Girl;Tori Amos;1994
1375;Hello Again;Neil Diamond;1981
1376;Time Is Tight;Booker T & The MG's ;1969
1377;Duet;Brigitte Kaandorp & Herman Finkers;1990
1378;La Vie En Rose;Grace Jones;1977
1379;Feel Like Making Love;Bad Company;1975
1380;We Can Work It Out;Beatles;1965
1381;Reelin' In The Years;Steely Dan;1973
1382;I'm Just A Singer (In A Rock & Roll Band);Moody Blues;1973
1383;Verdammt Ich Lieb' Dich;Matthias Reim;1990
1384;Bourrée;Jethro Tull;1969
1385;Birmingham;Randy Newman;1974
1386;If There's Something;Roxy Music;1972
1387;Daniel;Elton John;1973
1388;All My Loving;Beatles;1964
1389;Midnight Rambler;Rolling Stones;1969
1390;Killing Me Softly With His Song;Roberta Flack;1973
1391;Waitin' On A Sunny Day;Bruce Springsteen;2003
1392;Stars;Simply Red;1991
1393;The Power Of Love;Celine Dion;1994
1394;I Don't Wanna Die In An Air Disaster;Albert Hammond;1974
1395;Laugh About It;Racoon;2005
1396;You Give Me Something;James Morrison;2007
1397;Vanmorgen Vloog Ze Nog;Tsjechov;1988
1398;The Last Time;Rolling Stones;1965
1399;Day Tripper;Beatles;1965
1400;Dead Flowers;Rolling Stones;1971
1401;Kiss;Prince & the Revolution;1986
1402;I'm A Train;Albert Hammond;1974
1403;Modern World;Anouk;2008
1404;Only Love Can Break Your Heart;Neil Young;1970
1405;I Would Die 4 U;Prince & The Revolution;1984
1406;Met Hart en Ziel;Tröckener Kecks;1990
1407;Brilliant Disguise;Bruce Springsteen;1987
1408;Let The Music Play;Barry White;1976
1409;It's Now Or Never;Elvis Presley;1960
1410;Living Doll;Cliff Richard;1959
1411;Lessons In Love;Level 42;1986
1412;Legs;ZZ Top;1985
1413;Room To Move;John Mayall;1970
1414;On The Beach;Chris Rea;1986
1415;Let's Spend The Night Together;Rolling Stones;1967
1416;Gute Nacht Freunde;Reinhard Mey;1974
1417;Green Onions;Booker T & The MG's;1962
1418;Complainte Pour Ste. Catherine;Anna & Kate McGarrigle;1976
1419;Raspberry Beret;Prince & The Revolution;1985
1420;Can't Buy Me Love;Beatles;1964
1421;Nutbush City Limits;Ike & Tina Turner;1974
1422;Daddy Cool;Boney M;1976
1423;Soul Man;Sam & Dave;1967
1424;Riviera Life;Caro Emerald;2011
1425;Witchy Woman;Eagles;1972
1426;Misery;Maroon 5;2010
1427;Zeven Dagen Lang;Bots;1976
1428;I've Seen All Good People;Yes;1971
1429;Tom Traubert's Blues (Waltzing Matilda);Rod Stewart;1992
1430;If Tomorrow Never Comes;Ronan Keating;2002
1431;Just The Way You Are;Billy Joel;1978
1432;Time After Time;Cyndi Lauper;1984
1433;Ain't Nobody;Rufus & Chaka Khan;1984
1434;Can't Stand Losing You;Police;1979
1435;It's Oh So Quiet;Bjork;1995
1436;Song Sung Blue;Neil Diamond;1972
1437;Can't Get It Out Of My Head;Electric Light Orchestra;1975
1438;Had To Fall In Love;Moody Blues;1978
1439;Heartbreak Hotel;Elvis Presley;1956
1440;I Don't Like Mondays;Boomtown Rats;1979
1441;A Real Mother For Ya;Johnny Guitar Watson;1977
1442;Lippy Kids;Elbow;2011
1443;Cosi Celeste;Zucchero;1997
1444;Weekend Love;Golden Earring;1979
1445;Mushanga;Toto;1988
1446;So Far Away;Dire Straits;1985
1447;Luka;Suzanne Vega;1987
1448;Babooshka;Kate Bush;1980
1449;Grace Kelly;Mika;2007
1450;Ode To My Family;Cranberries;1995
1451;We Were All Wounded At Wounded Knee;Redbone;1973
1452;Wicked World;Laura Jansen;2010
1453;Laat Het Los;Van Dik Hout;1996
1454;Killing In The Name;Rage Against The Machine;1992
1455;Down Town;Petula Clark;1964
1456;Bombay;Golden Earring;1976
1457;Babe;Styx;1979
1458;Time Is On My Side;Rolling Stones;1965
1459;Brother;Racoon;2006
1460;Something In The Water;Brooke Fraser;2011
1461;Weekend;Earth & Fire;1979
1462;Let's Stick Together;Bryan Ferry;1976
1463;Pamela;Toto;1988
1464;Ik Ben Blij Dat Ik Je Niet Vergeten Ben;Joost Nuissl;1975
1465;Mexico;Zangeres Zonder Naam;1969
1466;Don't Stand So Close To Me;Police;1980
1467;Echoes;Pink Floyd;1971
1468;Apres Toi;Vicky Leandros;1972
1469;Wonderful Life;Black;1987
1470;Love Song;Van Velzen;2009
1471;You Don't Know;Milow;2009
1472;The Devil Went Down To Georgia;Charlie Daniels Band;1979
1473;Lonely Boy;Andrew Gold;1977
1474;Gigi L'Amoroso;Dalida;1974
1475;Nah Neh Nah;Vaya con Dios;1990
1476;Zeg Maar Niets Meer;André Hazes;1982
1477;Broad Daylight;Gabriel Rios;2006
1478;They Don't Play Our Lovesong Anymore;Anita Meyer;1981
1479;Thank God I'm A Country Boy;John Denver;1975
1480;Drive;Cars;1984
1481;I Put A Spell On You;Alan Price Set;1966
1482;Sadeness;Enigma;1990
1483;Unforgettable;Nat 'King' Cole;1951
1484;I Just Can't Stop Loving You;Michael Jackson & Siedah Garrett;1987
1485;Broken Wings;Mr. Mister;1986
1486;Forever Man;Eric Clapton;1985
1487;Sweet Jane;Velvet Underground;1974
1488;Hey Tonight;Creedence Clearwater Revival;1970
1489;Stay The Night;James Blunt;2010
1490;Coming Around Again;Carly Simon;1987
1491;Hou Van Mij;Het Goede Doel;1983
1492;Substitute;Who;1966
1493;You Can't Hurry Love;Phil Collins;1982
1494;Under My Thumb;Rolling Stones;1966
1495;Sunrise;Simply Red;2003
1496;Il Est Cinq Heures Paris S'Éveille;Jacques Dutronc;1968
1497;Daydream Believer;Monkees;1967
1498;The Pretender;Foo Fighters;2007
1499;(You're) The Devil In Disguise;Elvis Presley;1963
1500;That Ole Devil Called Love;Alison Moyet;1985
1501;While You See A Chance;Steve Winwood;1981
1502;La Isla Bonita;Madonna;1987
1503;Let's Go Crazy;Prince & the Revolution;1985
1504;Hey There Delilah;Plain White T's;2007
1505;Deeper Underground;Jamiroquai;1998
1506;How Can You Mend A Broken Heart;Bee Gees;1971
1507;Ayo Technology;Milow;2008
1508;War;Bruce Springsteen;1980
1509;Easy Lover;Phil Collins & Philip Bailey;1985
1510;Oye Como Va;Santana;1971
1511;Een Tip Van De Sluier;Boudewijn de Groot;1980
1512;The Ballroom Blitz;Sweet;1973
1513;Happy X-Mas;John Lennon & Plastic Ono Band;1972
1514;Kryptonite;3 Doors Down;2000
1515;Miss You Nights;Cliff Richard;1976
1516;Passie;Clouseau;1995
1517;Living Next Door To Alice;Smokie;1977
1518;Go Now;Moody Blues;1965
1519;Without You;Harry Nilsson;1972
1520;Vaya Con Dios;Cats;1972
1521;Spanish Harlem;Aretha Franklin;1971
1522;I Want To Hold Your Hand;Beatles;1964
1523;I'll Be Over You;Toto;1986
1524;Marieke;Jacques Brel;1961
1525;I Just Called To Say I Love You;Stevie Wonder;1984
1526;Can You Feel The Love Tonight;Elton John;1994
1527;Something's Gotta Hold Of My Heart;Gene Pitney;1968
1528;Goodbye Stranger;Supertramp;1979
1529;I'm Alive;Celine Dion;2002
1530;Because Of You;Kelly Clarkson;2006
1531;Maybe Tomorrow Maybe Tonight;Earth & Fire;1973
1532;Where Do You Go To My Lovely;Peter Sarstedt;1969
1533;Come As You Are;Nirvana;1991
1534;Patsy;Rein de Vries;1965
1535;Orchard Road;Leo Sayer;1983
1536;Versailles;White Soxx;1981
1537;China In Your Hand;T'Pau;1987
1538;1 Nacht Alleen;Doe Maar;1983
1539;Alabama;Neil Young;1972
1540;The Jean Genie;David Bowie;1973
1541;Alegria;Cirque du Soleil ;1997
1542;Sure Know Something;KISS;1979
1543;I Want It That Way;Backstreet Boys;1999
1544;Wonderful World;James Morrison;2006
1545;Stilte In De Storm;Jan Smit;2008
1546;The Opera;The Dizzy Man's Band;1975
1547;Pa;Doe Maar;1983
1548;This Time;John Legend;2009
1549;The Last Seven Days;Unit Gloria;1969
1550;I Got You I Feel Good;James Brown;1966
1551;Late In The Evening;Paul Simon;1980
1552;We've Got To Get Out Of This Place;Animals;1965
1553;When Summer Ends;Van Velzen;2008
1554;Le Printemps;Michel Fugain;1977
1555;Ramona;Blue Diamonds;1960
1556;Back Home;Cuby & The Blizzards;1966
1557;Take A Chance On Me;ABBA;1977
1558;Can't Get Enough;Bad Company;1974
1559;Up Around The Bend;Creedence Clearwater Revival;1970
1560;Immortality;Celine Dion;1998
1561;Cent Mille Chansons;Frida Boccara;1969
1562;Rosalyn;Vitesse;1982
1563;If I Fell;Beatles;1965
1564;Big Yellow Taxi;Joni Mitchell;1970
1565;Lying All The Time;Outsiders;1966
1566;A Little Less Conversation;Elvis vs. JXL;2002
1567;La Solitudine;Laura Pausini;1993
1568;Seasons;Earth & Fire;1970
1569;Netherlands;Dan Fogelberg;1977
1570;Telkens Weer;Willeke Alberti;1975
1571;You Win Again;Bee Gees;1987
1572;The Pretender;Jackson Browne;1976
1573;Mad World;Michael Andrews ft. Gary Jules;2002
1574;You've Lost That Loving Feeling;Righteous Brothers;1965
1575;Eyes Without A Face;Billy Idol;1984
1576;Alles Wat Ademt;Rob de Nijs;1985
1577;Maria;West Side Story/Leonard Bernstein;1961
1578;You Were My Friend;Chi Coltrane;1973
1579;Relax;Frankie Goes To Hollywood;1984
1580;After The Love Has Gone;Earth, Wind & Fire;1979
1581;My Ever Changing Moods;Style Council;1984
1582;One Day I'll Fly Away;Randy Crawford;1980
1583;Wooden Heart;Elvis Presley;1961
1584;Millennium;Robbie Williams;1998
1585;Laat Het Vanavond Gebeuren;De Dijk;1997
1586;Lay Down;Melanie & Edwin Hawkins singers;1970
1587;Magic Man;Heart;1976
1588;Chariots Of Fire;Vangelis;1982
1589;No Ordinary Love;Sade;1992
1590;Killer;Adamski;1990
1591;Absolute Beginners;David Bowie;1986
1592;Proosten;Guus Meeuwis;2007
1593;Making Plans For Nigel;XTC;1979
1594;Let Your Love Flow;Bellamy Brothers;1976
1595;Ik Wil Niet Dat Je Liegt;Paul de Leeuw;1993
1596;The Legend Of Xanadu;Dave Dee Dozy Beaky Mick & Tich;1968
1597;Please Forgive Me;Bryan Adams;1993
1598;Long Train Running;Doobie Brothers;1973
1599;Heaven;Do;2002
1600;It's Over;Level 42;1987
1601;Theme From Mahogany;Diana Ross;1976
1602;Lido Shuffle;Boz Scaggs;1977
1603;Het Kleine Cafe Aan De Haven;Vader Abraham;1976
1604;We'll Meet Again;Vera Lynn;1939
1605;You Are Not Alone;Michael Jackson;1995
1606;Help Me Make It Through The Night;Gladys Knight & The Pips;1971
1607;Stop De Tijd;Marco Borsato;2008
1608;Easy;Commodores;1978
1609;Sukiyaki;Kyu Sakamoto;1963
1610;What A Fool Believes;Doobie Brothers;1978
1611;I Can't Dance;Genesis;1992
1612;This Is The Last Time;Keane;2005
1613;Lonely Days;Bee Gees;1970
1614;I Got You Babe;UB40 & Chrissie Hynde;1985
1615;What's Love Got To Do With It;Tina Turner;1984
1616;Because;Novastar;2008
1617;Ob La Di, Ob La Da;Beatles;1969
1618;Spinning Wheel;Blood Sweat & Tears;1969
1619;This Town Ain't Big Enough For Both Of Us;Sparks;1974
1620;The Elephant Song;Kamahl;1975
1621;All Or Nothing;Small Faces;1966
1622;I Am A Rock;Simon & Garfunkel;1966
1623;I'm A Cliche;Anouk;2011
1624;Strangers In The Night;Frank Sinatra;1966
1625;All Right Now;Free;1970
1626;I Belong To You;Eros Ramazzotti & Anastacia;2005
1627;Heart Of Glass;Blondie;1979
1628;That Was Yesterday;Foreigner;1985
1629;Waterkant;Marco Borsato;2010
1630;Emma;Hot Chocolate;1974
1631;A Good Heart;Feargal Sharkey;1985
1632;Ramblin' Man;Allman Brothers Band;1973
1633;Twee Meisjes;Raymond van het Groenewoud;1996
1634;Lovely Day;Bill Withers;1978
1635;Breakfast At Tiffany's;Deep Blue Something;1996
1636;In Between Days;Cure;1985
1637;Dancing With Tears In My Eyes;Ultravox;1984
1638;Just A Flirt;Miss Montreal;2008
1639;Itchycoo Park;Small Faces;1967
1640;Summer In The City;Lovin' Spoonful;1966
1641;Broken Strings;James Morrison & Nelly Furtado;2008
1642;Every Kinda People;Robert Palmer;1978
1643;Secret Garden;Bruce Springsteen;1995
1644;After Midnight;Eric Clapton;1970
1645;Morningside;Neil Diamond;1973
1646;These Boots Are Made For Walking;Nancy Sinatra;1966
1647;Windforce 11;Nadieh;1987
1648;Better Be Home Soon;Crowded House;1988
1649;No Matter What;Boyzone;1998
1650;Walking In Memphis;Marc Cohn;1991
1651;Refugee;Tom Petty & The Heartbreakers;1980
1652;Vogue;Madonna;1990
1653;You're The Inspiration;Chicago;1985
1654;Ruby Tuesday;Melanie;1970
1655;Een Wonderkind Van 50;Boudewijn de Groot;1996
1656;Don't Go;Yazoo;1982
1657;Best Of Both Worlds;Robert Palmer;1978
1658;Ain't No Mountain High Enough;Diana Ross;1970
1659;Rock The Casbah;Clash;1982
1660;Jessie;Joshua Kadison;1994
1661;If I Ain't Got You;Alicia Keys;2003
1662;Super Trouper;ABBA;1980
1663;Nu Dat Jij Er Bent;Trijntje Oosterhuis;2003
1664;All Of My Heart;ABC;1982
1665;Bad Day;Daniel Powter;2005
1666;I Kissed A Girl;Katy Perry;2008
1667;Big Love;Fleetwood Mac;1987
1668;Days;Kinks;1968
1669;The End Of The Show;Cats;1980
1670;My Back Pages;Byrds;1967
1671;Short People;Randy Newman;1977
1672;All Out Of Love;Air Supply;1980
1673;That's How Strong My Love Is;Rolling Stones;1965
1674;Vrij Zijn;Marco Borsato;1996
1675;The Green Manalishi;Fleetwood Mac;1970
1676;Marmor, Stein Und Eiser Bricht;Drafi Deutscher;1965
1677;It's Raining Again;Supertramp;1982
1678;5 Uur;Ramses Shaffy;1966
1679;One Night;Elvis Presley;1959
1680;I'm Every Woman;Chaka Khan;1979
1681;It's A Sin;Pet Shop Boys;1987
1682;De Glimlach Van Een Kind;Willy Alberti;1968
1683;Eltse Grins Foarby;De Kast;1997
1684;All My Life;Krezip;2008
1685;Don't Look Back;Boston;1978
1686;Rock Around The Clock;Bill Haley & His Comets;1955
1687;Somethin' Stupid;Robbie Williams;2001
1688;C'est Moi;C. Jérome;1974
1689;Nightshift;Commodores;1985
1690;Als Je Lacht;Jan Smit;2008
1691;Keep The Faith;Bon Jovi;1992
1692;House Of The King;Focus;1971
1693;Brick House;Commodores;1978
1694;Wannabe;Spice Girls;1996
1695;Se Bastasse Una Canzone;Eros Ramazzotti;1990
1696;Voltooid Verleden Tijd;Is Ook Schitterend;1997
1697;Ventura Highway;America;1972
1698;I Get Around;Beach Boys;1964
1699;Hilton Barcelona;Stef Bos;1994
1700;Father Figure;George Michael;1988
1701;Blue Bayou;Linda Ronstadt;1977
1702;The Great Pretender;Freddie Mercury;1987
1703;ABC;Jackson 5;1970
1704;You Got It;Roy Orbison;1989
1705;In The Mood;Glenn Miller;1940
1706;Reason To Believe;Rod Stewart;1971
1707;Conquistador;Procol Harum;1972
1708;Cupido;Jan Smit;2006
1709;Kom Van Dat Dak Af;Peter Koelewijn;1960
1710;The Sun Always Shines On T.V.;A-Ha;1986
1711;Ray Of Light;Madonna;1998
1712;Jan Klaassen De Trompetter;Rob de Nijs;1973
1713;Sweetest Thing;U2;1998
1714;You Don't Bring Me Flowers;Neil Diamond & Barbra Streisand;1978
1715;Window Of Hope;Oleta Adams;1993
1716;Lazy Sunday;Small Faces;1968
1717;Paloma Blanca;George Baker Selection;1975
1718;Shame;Robbie Williams & Gary Barlow;2010
1719;Un Canto A Galicia;Julio Iglesias;1972
1720;To Love Somebody;Bee Gees;1967
1721;Als De Rook Om Je Hoofd Is Verdwenen;Boudewijn De Groot;1972
1722;Paperback Writer;Beatles;1966
1723;Lovin' Whiskey;Rory Block;1988
1724;Slow;Rumer;2010
1725;Rapper's Delight;Sugarhill Gang;1979
1726;Big Yellow Taxi;Vanessa Carlton & Counting Crows;2002
1727;Black Pearl;Margriet Eshuijs;1982
1728;In The Army Now;Status Quo;1986
1729;Roll Over Beethoven;Electric Light Orchestra;1973
1730;New York Mining Disaster 1941;Bee Gees;1967
1731;Water Of Love;Dire Straits;1978
1732;Airport;The Motors;1978
1733;Can't Help Falling In Love;UB40;1993
1734;I Just Don't Know What To Do With Myself;Dusty Springfield;1964
1735;Hit Me With Your Rhythm Stick;Ian Dury & Blockheads;1978
1736;Second Waltz;Andre Rieu;1994
1737;I Got A Name;Jim Croce;1975
1738;All Day And All Of The Night;Kinks;1964
1739;Crazy;Icehouse;1987
1740;I'll Be Waiting;Lenny Kravitz;2008
1741;Inside My Head;Di-Rect;2002
1742;Dream A Little Dream Of Me;Mama Cass;1968
1743;Theme From 'Deer Hunter';Shadows;1979
1744;True Love That's A Wonder;Sandy Coast;1971
1745;Fox On The Run;Sweet;1975
1746;The Man Who Can't Be Moved;The Script;2008
1747;Here Comes The Night;Them;1965
1748;Piece By Piece;Katie Melua;2005
1749;Beast Of Burden;Rolling Stones;1978
1750;Afscheid;Volumia!;1998
1751;Off The Wall;Michael Jackson;1979
1752;The Name Of The Game;ABBA;1977
1753;I Don't Want To Talk About It;Rod Stewart;1977
1754;Universal Soldier;Donovan;1965
1755;Butterfly Kisses;Bob Carlisle;1997
1756;Sweet About Me;Gabriella Cilmi;2008
1757;Rock DJ;Robbie Williams;2000
1758;No One;Alicia Keys;2007
1759;Always On The Run;Lenny Kravitz;1991
1760;Steppin' Out;Joe Jackson;1982
1761;It Ain't Over Till It's Over;Lenny Kravitz;1991
1762;Tell Me Your Plans;The Shirts;1978
1763;Distant Drums;Jim Reeves;1966
1764;Je T'Aime Moi Non Plus;Serge Gainsbourg & Jane Birkin;1969
1765;Summertime Blues;Blue Cheer;1968
1766;1973;James Blunt;2007
1767;Bus Stop;Hollies;1966
1768;It Must Have Been Love;Roxette;1990
1769;All Cried Out;Alison Moyet;1985
1770;Save Me;Anouk;2011
1771;Master Blaster (Jammin');Stevie Wonder;1980
1772;La Mer;Charles Trenet;1952
1773;Love Me Do;Beatles;1963
1774;Never Marry A Railroad Man;Shocking Blue;1970
1775;One Day In Your Life;Michael Jackson;1981
1776;Because You Loved Me;Celine Dion;1996
1777;Hold Me Now;Golden Earring;1994
1778;Seven Nation Army;White Stripes;2003
1779;Enola Gay;Orchestral Manoeuvres In The Dark;1980
1780;La Ballade Des Gens Heureux;Gerard Lenorman;1976
1781;That'll Be The Day;Buddy Holly;1957
1782;Left Outside Alone;Anastacia;2004
1783;Hips Don't Lie;Shakira;2007
1784;Live To Tell;Madonna;1986
1785;Lyrics;Kayak;1973
1786;Zondagmiddag Buitenveldert;Frans Halsema;1969
1787;Love Games;Level 42;1981
1788;Don't Let Me Be Misunderstood;Nina Simone;1964
1789;Boy In The Bubble;Paul Simon;1987
1790;Lost;Jonathan Jeremiah;2010
1791;The Old Fashioned Way;Charles Aznavour;1973
1792;Feel The Love (Oomachasaooma);10CC;1983
1793;Kodachrome;Paul Simon;1973
1794;100 Years;Joey Dyser;1975
1795;Can We Still Be Friends;Robert Palmer;1979
1796;No More Heroes;Stranglers;1978
1797;Tin Soldier;Small Faces;1968
1798;Duel Eye To Eye;Propaganda;1985
1799;The Girl From Ipanema;Astrud Gilberto;1964
1800;Na Na Na;The Shoes;1967
1801;The Young Ones;Cliff Richard & The Shadows;1962
1802;We Are The World;USA for Africa;1985
1803;Marrakesh Express;Crosby, Stills & Nash;1969
1804;Have You Ever Really Loved A Woman;Bryan Adams;1995
1805;Hold On;Michael Bublé;2010
1806;Evergreen;Barbra Streisand;1977
1807;West End Girls;Pet Shop Boys;1986
1808;Calling Elvis;Dire Straits;1991
1809;Summer In The City;Joe Cocker;1994
1810;Play Me;Neil Diamond;1972
1811;Promised You A Miracle;Simple Minds;1982
1812;Hopelessly Devoted To You;Olivia Newton-John;1978
1813;From A Distance;Bette Midler;1991
1814;Rock Me Amadeus;Falco;1986
1815;One More Night;Phil Collins;1985
1816;Daydream;Wallace Collection;1969
1817;Dan Volg Je Haar Benen;Jan Smit;2007
1818;You Have Been Loved;George Michael;1997
1819;Addicted To Love;Robert Palmer;1986
1820;Magical Mystery Tour;Beatles;1967
1821;Far Far Away;Slade;1974
1822;2000 Light Years From Home;Rolling Stones;1967
1823;Heroes And Villains;Beach Boys;1967
1824;It's Too Late;Carole King;1971
1825;Crazy;Gnarls Barkley;2006
1826;Sacramento (A Wonderful Town);Middle Of The Road;1972
1827;Love Is Like Oxygen;Sweet;1978
1828;Wisemen;James Blunt;2005
1829;Chocolate;Snow Patrol;2010
1830;Something Happened On The Way To Heaven;Phil Collins;1990
1831;Should I Stay Or Should I Go?;Clash;1982
1832;Because I Love You;Buddy Holly;1956
1833;Dedicated Follower Of Fashion;Kinks;1966
1834;Up Where We Belong;Joe Cocker & Jennifer Warnes;1982
1835;Forever Blue;Little River Band;1995
1836;Prisencolinen Sinainciusol;Adriano Celentano;1973
1837;Heb Je Even Voor Mij;Frans Bauer;2004
1838;Le Freak;Chic;1978
1839;You're In My Heart;Rod Stewart;1977
1840;I Don't Believe In Miracles;Colin Blunstone;1972
1841;Time Waits For No One;Rolling Stones;1974
1842;Wasted Words;Motions;1965
1843;Whenever Wherever;Shakira;2002
1844;Domino;Clouseau;1990
1845;Dolce Paola;Adamo;1965
1846;For Your Love;The Yardbirds;1965
1847;Just An Illusion;BZN;1983
1848;15 Miljoen Mensen;Fluitsma & Van Tijn;1996
1849;The Alternative Way;Anita Meyer;1976
1850;Single Girls;Laura Jansen;2009
1851;A Piece Of The Action;Babys;1978
1852;You Are The Sunshine Of My Life;Stevie Wonder;1973
1853;I Feel Fine;Beatles;1965
1854;Stop;Sam Brown;1988
1855;What Is Life;George Harrison;1971
1856;Sex Bomb;Tom Jones & Mousse T.;1999
1857;Need You Tonight;INXS;1987
1858;Sausolito Summernight;Diesel;1980
1859;Giving It All Away;Roger Daltrey;1973
1860;The Healer;Santana & John Lee Hooker;1990
1861;Fame;David Bowie;1975
1862;Hello Josephine;The Scorpions;1965
1863;Sister Golden Hair;America;1975
1864;I Shot The Sheriff;Eric Clapton;1974
1865;Some Kind Of Wonderful;Grand Funk Railroad;1975
1866;Maybe I'm Amazed;Wings;1977
1867;Wishing You Were Here;Chicago;1974
1868;Love Is A Stranger;Eurythmics;1983
1869;Brandend Zand;Anneke Grönloh;1962
1870;Love Me Just A Little Bit More;Dolly Dots;1983
1871;Ti Sento;Matia Bazar;1986
1872;Killing Me Softly;Fugees;1996
1873;Hung Up;Madonna;2005
1874;A Message To You Rudy;The Specials;1980
1875;In Dulci Jubilo;Mike Oldfield;1976
1876;Wonderful ;Colin Blunstone;1973
1877;Copacabana;Barry Manilow;1978
1878;Lucky All My Life;Racoon;2008
1879;It's Five O' Clock;Aphrodite's Child;1970
1880;The Day That Curly Billy Show Down Crazy Sam McGee;Hollies;1973
1881;As Long As You Love Me;Backstreet Boys;1997
1882;Wild Thing;The Troggs;1966
1883;Smile;Brainbox;1970
1884;I'd Rather Go Blind;Chicken Shack;1969
1885;Relax Take It Easy;Mika;2007
1886;Life For Rent;Dido;2003
1887;You Make Lovin' Fun;Fleetwood Mac;1978
1888;Coz I Luv You;Slade;1971
1889;Friday On My Mind;The Easybeats;1966
1890;Matrimony;Gilbert O'Sullivan;1972
1891;Winter In Hamburg;Frank Boeijen;1987
1892;Ballad Of John & Yoko;Beatles;1969
1893;Poison;Alice Cooper;1989
1894;Voulez-Vous;ABBA;1979
1895;Winter In America;Doug Ashdown;1978
1896;Most Beautiful Girl In The World;Prince;1994
1897;Selling The Drama;Live;1995
1898;Everlasting Love;Jamie Cullum;2004
1899;It's Over;Roy Orbison;1964
1900;Sag Mir Wo Die Blumen Sind;Marlene Dietrich;1963
1901;Rudy;Supertramp;1974
1902;If You Love Somebody Set Them Free;Sting;1985
1903;Zoek Jezelf;Simplisties Verbond;1975
1904;I Believe I Can Fly;R. Kelly;1997
1905;Powerful People;Gino Vannelli;1974
1906;Hold On My Heart;Genesis;1992
1907;A Brand New Day;The Wiz Stars;1978
1908;Suicide Blonde;INXS;1990
1909;Ik Doe Wat Ik Doe;Astrid Nijgh;1973
1910;Honey Honey;ABBA;1974
1911;Baila (Sexy Thing);Zucchero;2001
1912;Upside Down;Jack Johnson;2006
1913;Chariot;Gavin DeGraw;2006
1914;I Can't Stop Loving You;Ray Charles;1962
1915;Don't Cry For Me Argentina;Julie Covington;1977
1916;I've Gotta Get A Message To You;Bee Gees;1968
1917;Don't Leave Me This Way;Communards & Sarah Jane Morris;1986
1918;How Long;Eagles;2007
1919;Wake Me Up Before You Go Go;Wham;1984
1920;Ik Voel Me Zo Verdomd Alleen;Danny de Munk;1984
1921;From This Moment On;Shania Twain;1997
1922;Hard To Handle;Otis Redding;1968
1923;Oliver's Army;Elvis Costello;1979
1924;Kill For A Broken Heart;Ben Saunders;2011
1925;Travelin' Band;Creedence Clearwater Revival;1970
1926;Ring, Ring, I've Got To Sing;Ferre Grignard;1966
1927;Got My Mind Set On You;George Harrison;1987
1928;Capital Punishment;Sandy Coast;1969
1929;Roll Over Beethoven;Chuck Berry;1956
1930;Ik Zing Dit Lied Voor Jou Alleen;Jan Smit;1997
1931;Golden Days;Krystl;2010
1932;Spider's Web;Katie Melua;2005
1933;Black Horse And The Cherry Tree;KT Tunstall;2005
1934;Good Morning Judge;10CC;1977
1935;'n Vriend;André Hazes;1980
1936;My Little Town;Simon & Garfunkel;1975
1937;Rock With You;Michael Jackson;1979
1938;All That She Wants;Ace of Base;1993
1939;This Is The Moment;Rene Froger;1992
1940;Two Tribes;Frankie Goes To Hollywood;1984
1941;Money's Too Tight To Mention;Simply Red;1985
1942;Island In The Sun;Harry Belafonte;1957
1943;Liefde Voor Muziek;Raymond van het Groenewoud;1991
1944;De Kinderballade;Boudewijn de Groot;1977
1945;The Look Of Love;ABC;1982
1946;Goodbye Yellow Brick Road;Elton John;1973
1947;I Love You Because;Jim Reeves;1964
1948;One Moment In Time;Whitney Houston;1988
1949;Twelve Thirty;The Mamas & The Papas;1967
1950;Don't Be Cruel;Elvis Presley;1956
1951;Mars Needs Woman;Novastar;2008
1952;Home On A Monday;Little River Band;1977
1953;Uma Casa Portugesa;Amalia Rodrigues;1956
1954;Skandal Im Sperrbezirk;Spider Murphy Gang;1982
1955;The Story In Your Eyes;Moody Blues;1971
1956;Un' Emozione Per Sempre;Eros Ramazzotti;2003
1957;Als Je Wint;Herman Brood & Henny Vrienten;1984
1958;Song For Guy;Elton John;1979
1959;Reach Out I'll Be There;Four Tops;1966
1960;Without Your Love;Roger Daltrey;1981
1961;Freedom! '90;George Michael;1990
1962;Great Balls Of Fire;Jerry Lee Lewis;1957
1963;Invisible Touch;Genesis;1986
1964;She Loves You;Beatles;1963
1965;Then I Kissed Her;Beach Boys;1967
1966;Sailor;Sailor;1975
1967;Still The Same;Bob Seger;1978
1968;I Want You Back;Jackson 5;1970
1969;Tumbling Dice;Rolling Stones;1972
1970;The Sweetest Taboo;Sade;1985
1971;You Are;Dolly Parton;1983
1972;Unwritten;Natasha Bedingfield;2005
1973;Mammoth;Kayak;1973
1974;It Never Rains In Southern California;Albert Hammond;1972
1975;Man Of The World;Fleetwood Mac;1969
1976;Another Day;Buckshot Lefonque;1997
1977;All At Sea;Jamie Cullum;2004
1978;Wishful Thinking;China Crisis;1984
1979;I Hope I Never;Split Enz;1981
1980;Titles;Barclay James Harvest;1976
1981;A Face In The Crowd;Tom Petty;1990
1982;Paroles;Dalida;1973
1983;Iedereen Doet 't;Robert Long;1986
1984;Hard To Say I'm Sorry;Chicago;1982
1985;Play That Funky Music;Wild Cherry;1976
1986;Will You;Hazel O'Connor;1981
1987;Het Is Koud Zonder Jou;André Hazes;1980
1988;Afrikaan Beat;Bert Kaempfert;1962
1989;Sign Your Name;Terence Trent D'Arby;1988
1990;Wonderful Land;Shadows;1962
1991;Ferry 'Cross The Mersey;Gerry & The Pacemakers;1964
1992;Go West;Pet Shop Boys;1993
1993;Back For Good;Take That;1995
1994;I've Had The Time Of My Life;Bill Medley & Jennifer Warnes;1987
1995;My Girl;Temptations;1964
1996;The Six Teens;Sweet;1974
1997;If I Could Turn Back Time;Cher;1989
1998;Elle Voulait Qu'on l'Appelle Venise;Julien Clerc;1976
1999;Turn To Stone;Electric Light Orchestra;1977
2000;Torn;Natalie Imbruglia;1997
